name,item_url,image_url,price,store
Baby Elf Dolls with Feet Shoes Baby Doll Elf Toy with Movable Arms Legs Christmas Dolls Baby Elves Doll,www.aliexpress.com/item/1005001632939403.html?algo_pvid=a41eccc2-9903-4181-9e43-be7544393e0b&algo_exp_id=a41eccc2-9903-4181-9e43-be7544393e0b-0&pdp_ext_f=%7B%22sku_id%22%3A%2212000016901819826%22%7D,//ae01.alicdn.com/kf/Hc7d2e98273dc43d290fec90ff7b93e16k/Baby-Elf-Dolls-with-Feet-Shoes-Baby-Doll-Elf-Toy-with-Movable-Arms-Legs-Christmas-Dolls.jpg_220x220xz.jpg_.webp,US $3.63,Shop5008132 Store
Electric Baby Doll Singing Crawling Light Up Early Education Enlightenment Learning Baby Toy Girl Toy 0-3 Years Newborn Gift,www.aliexpress.com/item/4000861605595.html?algo_pvid=a41eccc2-9903-4181-9e43-be7544393e0b&algo_exp_id=a41eccc2-9903-4181-9e43-be7544393e0b-1&pdp_ext_f=%7B%22sku_id%22%3A%2210000009691787968%22%7D,//ae01.alicdn.com/kf/Ha300ba9bd5d2435f8185ecb205ca2e3c8/Electric-Baby-Doll-Singing-Crawling-Light-Up-Early-Education-Enlightenment-Learning-Baby-Toy-Girl-Toy-0.jpg_220x220xz.jpg_.webp,US $6.43,Shop5438189 Store
LOL Surprise Dolls LOL Pets Dolls Toys LOL Girl LOL Dolls Egg Baby Doll Ball Blind Box Toys For Children Christmas Gift,www.aliexpress.com/item/4001247459252.html?algo_pvid=a41eccc2-9903-4181-9e43-be7544393e0b&algo_exp_id=a41eccc2-9903-4181-9e43-be7544393e0b-2&pdp_ext_f=%7B%22sku_id%22%3A%2210000015454594328%22%7D,//ae01.alicdn.com/kf/H2ff6f9db2a09454f9135b5cd50a37c4cR/LOL-Surprise-Dolls-LOL-Pets-Dolls-Toys-LOL-Girl-LOL-Dolls-Egg-Baby-Doll-Ball-Blind.jpg_220x220xz.jpg_.webp,US $5.74,Innocent Childhood Store
5pcs Blank Wooden Embryos Russian Nesting Dolls Toy Unpainted Matryoshka Doll DIY Paint Skill Training For Children Gift,www.aliexpress.com/item/32911315846.html?algo_pvid=a41eccc2-9903-4181-9e43-be7544393e0b&algo_exp_id=a41eccc2-9903-4181-9e43-be7544393e0b-3&pdp_ext_f=%7B%22sku_id%22%3A%2210000000223648452%22%7D,//ae01.alicdn.com/kf/HTB1DqQCavWG3KVjSZFPq6xaiXXah/5pcs-Blank-Wooden-Embryos-Russian-Nesting-Dolls-Toy-Unpainted-Matryoshka-Doll-DIY-Paint-Skill-Training-For.jpg_220x220xz.jpg_.webp,US $3.57,gamefeidu2060 Store
50 cm Dinosaur pillow plush toys cute pig doll girls bed holding a sleeping doll long pillow cushion doll,www.aliexpress.com/item/4000109432044.html?algo_pvid=a41eccc2-9903-4181-9e43-be7544393e0b&aem_p4p_detail=202108192159437160540863632570005593137&algo_exp_id=a41eccc2-9903-4181-9e43-be7544393e0b-4&pdp_ext_f=%7B%22sku_id%22%3A%2212000018285991511%22%7D,//ae01.alicdn.com/kf/H99ff8638bff34f0b8e21fb428172db6bj/50-cm-Dinosaur-pillow-plush-toys-cute-pig-doll-girls-bed-holding-a-sleeping-doll-long.jpg_220x220xz.jpg_.webp,US $19.41,bubble wish Official Store
Reborn Baby Doll 48cm Full Silicone Body Can Bath Girl Brown Eyes Giraffe In Stock Sent From Brazil,www.aliexpress.com/item/1005002432319353.html?algo_pvid=a41eccc2-9903-4181-9e43-be7544393e0b&algo_exp_id=a41eccc2-9903-4181-9e43-be7544393e0b-5&pdp_ext_f=%7B%22sku_id%22%3A%2212000021024774268%22%7D,//ae01.alicdn.com/kf/Ha9a8da52ebdd4eee833bbcf8ecfe7fe79/Reborn-Baby-Doll-48cm-Full-Silicone-Body-Can-Bath-Girl-Brown-Eyes-Giraffe-In-Stock-Sent.jpg_220x220xz.jpg_.webp,US $44.82,BEBE REBORN Official Store
16CM BJD Doll 13 Moveable Jointed Dolls With smile pig face Naked white Nude Women Body NO Face up without hair to makeup Dolls,www.aliexpress.com/item/1005001471746087.html?algo_pvid=a41eccc2-9903-4181-9e43-be7544393e0b&algo_exp_id=a41eccc2-9903-4181-9e43-be7544393e0b-6&pdp_ext_f=%7B%22sku_id%22%3A%2212000016258977924%22%7D,//ae01.alicdn.com/kf/He117d3cc1bb4476f85f64ac61ac142b5L/16CM-BJD-Doll-13-Moveable-Jointed-Dolls-With-smile-pig-face-Naked-white-Nude-Women-Body.jpg_220x220xz.jpg_.webp,US $2.83,Surprise Toy Ali-BaBa Store
16cm BJD Doll 3D Eyes Bjd Plastic Doll Toys for Girls Long Wig Female Body Fashion Christmas Gift,www.aliexpress.com/item/1005001650900471.html?algo_pvid=a41eccc2-9903-4181-9e43-be7544393e0b&algo_exp_id=a41eccc2-9903-4181-9e43-be7544393e0b-7&pdp_ext_f=%7B%22sku_id%22%3A%2212000016983109706%22%7D,//ae01.alicdn.com/kf/H3cf4b05e31a74d85948295e4e0c20a2dc/16cm-BJD-Doll-3D-Eyes-Bjd-Plastic-Doll-Toys-for-Girls-Long-Wig-Female-Body-Fashion.jpg_220x220xz.jpg_.webp,US $0.01,Metoo Dolls Store
New 13 Movable Jointed Dolls Toys Mini 16cm BJD Baby Girl Boy 1/12 Naked Nude Body Fashion for Gift,www.aliexpress.com/item/4000154672416.html?algo_pvid=a41eccc2-9903-4181-9e43-be7544393e0b&algo_exp_id=a41eccc2-9903-4181-9e43-be7544393e0b-8&pdp_ext_f=%7B%22sku_id%22%3A%2212000017746679515%22%7D,//ae01.alicdn.com/kf/He2dc3a2dc3654d0db96d6b9f49aa41997/New-13-Movable-Jointed-Dolls-Toys-Mini-16cm-BJD-Baby-Girl-Boy-1-12-Naked-Nude.jpg_220x220xz.jpg_.webp,US $3.45,Cutadorns521 Store
L.O.L.SURPRISE! LOLS Dolls Surprise Toys Beautiful Hair Doll DIY Manual Blind Box Model Doll Toy Gift Sent Random,www.aliexpress.com/item/1005002630403052.html?algo_pvid=a41eccc2-9903-4181-9e43-be7544393e0b&aem_p4p_detail=202108192159437160540863632570005593137&algo_exp_id=a41eccc2-9903-4181-9e43-be7544393e0b-9&pdp_ext_f=%7B%22sku_id%22%3A%2212000021475082533%22%7D,//ae01.alicdn.com/kf/H571822b6ffa64eae8ac158db258a677a5/L-O-L-SURPRISE-LOLS-Dolls-Surprise-Toys-Beautiful-Hair-Doll-DIY-Manual-Blind-Box-Model.jpg_220x220xz.jpg_.webp,US $6.04,Children World Toy Gift Store
LOL Surprise Dolls Tattoo Sticker Random 1PCS Cute Action Figure Surprise Sticker Cartoon Kids Girls Christmas lol Birthday Gift,www.aliexpress.com/item/1005002276960924.html?algo_pvid=a41eccc2-9903-4181-9e43-be7544393e0b&algo_exp_id=a41eccc2-9903-4181-9e43-be7544393e0b-10&pdp_ext_f=%7B%22sku_id%22%3A%2212000019877763931%22%7D,//ae01.alicdn.com/kf/Hf2d5b779e6324b1db5c22b8369d41fdf5/LOL-Surprise-Dolls-Tattoo-Sticker-Random-1PCS-Cute-Action-Figure-Surprise-Sticker-Cartoon-Kids-Girls-Christmas.jpg_220x220xz.jpg_.webp,US $1.31,Babytoy Store
L.O.L. Surprise! LOL doll surprise toy pretty hair doll DIY handmade blind box model doll doll lol toy gift randomly sent,www.aliexpress.com/item/4000618621740.html?algo_pvid=a41eccc2-9903-4181-9e43-be7544393e0b&algo_exp_id=a41eccc2-9903-4181-9e43-be7544393e0b-11&pdp_ext_f=%7B%22sku_id%22%3A%2210000004060313688%22%7D,//ae01.alicdn.com/kf/H0c324a71643e4e7aa1c478df62b1892bJ/L-O-L-Surprise-LOL-doll-surprise-toy-pretty-hair-doll-DIY-handmade-blind-box-model.jpg_220x220xz.jpg_.webp,US $3.68,peppa piged Store
16cm BJD Doll 3D Eyes Bjd Plastic Doll Toys for Girls Long Wig Female Body Fashion Christmas Gift,www.aliexpress.com/item/1005001651042026.html?algo_pvid=a41eccc2-9903-4181-9e43-be7544393e0b&algo_exp_id=a41eccc2-9903-4181-9e43-be7544393e0b-12&pdp_ext_f=%7B%22sku_id%22%3A%2212000016983122870%22%7D,//ae01.alicdn.com/kf/H5b78f937b3184e8cab7375e8041c66c42/16cm-BJD-Doll-3D-Eyes-Bjd-Plastic-Doll-Toys-for-Girls-Long-Wig-Female-Body-Fashion.jpg_220x220xz.jpg_.webp,US $2.90,Naughty Children Store
New BjD 13CM Doll 13 Movable Joints Cute Face and Blue Eyes with Clothes Shoes Mini Dolls Girl Gift for Girls Diy Toys,www.aliexpress.com/item/1005002989565327.html?algo_pvid=a41eccc2-9903-4181-9e43-be7544393e0b&algo_exp_id=a41eccc2-9903-4181-9e43-be7544393e0b-13&pdp_ext_f=%7B%22sku_id%22%3A%2212000023093146616%22%7D,//ae01.alicdn.com/kf/H6603d1a21d714bd8904609667324f587s/New-BjD-13CM-Doll-13-Movable-Joints-Cute-Face-and-Blue-Eyes-with-Clothes-Shoes-Mini.jpg_220x220xz.jpg_.webp,US $2.77,H-HAHA Store
7Cm Doll Boots Fits 18 Inch American and 43 Cm Baby Newborn Doll Accessories Generation Girl Doll Clothes Shoes,www.aliexpress.com/item/1005003100154543.html?algo_pvid=a41eccc2-9903-4181-9e43-be7544393e0b&aem_p4p_detail=202108192159437160540863632570005593137&algo_exp_id=a41eccc2-9903-4181-9e43-be7544393e0b-14&pdp_ext_f=%7B%22sku_id%22%3A%2212000024087349501%22%7D,//ae01.alicdn.com/kf/Hb6400fe5c974452ca5dc251d0323d6e9J/7Cm-Doll-Boots-Fits-18-Inch-American-and-43-Cm-Baby-Newborn-Doll-Accessories-Generation-Girl.jpg_220x220xz.jpg_.webp,US $4.33,18-inch Store
New 13cm Doll BJD 1/12 Cute New Face Doll 13 Movable Joint Body with Dress Skirt Mini Doll Girl Gift Toy,www.aliexpress.com/item/1005002990013470.html?algo_pvid=a41eccc2-9903-4181-9e43-be7544393e0b&algo_exp_id=a41eccc2-9903-4181-9e43-be7544393e0b-15&pdp_ext_f=%7B%22sku_id%22%3A%2212000024069197425%22%7D,//ae01.alicdn.com/kf/Hbac5e55109454beca2905d13f68c73ffQ/New-13cm-Doll-BJD-1-12-Cute-New-Face-Doll-13-Movable-Joint-Body-with-Dress.jpg_220x220xz.jpg_.webp,US $5.64,FAFA-FA Store
Christmas Doll Gift Toys Reindeer Orange Boy and Girl Yellow boy Red Boy Girl Mix Coulor Toys Elf Dolls For Kid Children Toy,www.aliexpress.com/item/1005001447056549.html?algo_pvid=a41eccc2-9903-4181-9e43-be7544393e0b&algo_exp_id=a41eccc2-9903-4181-9e43-be7544393e0b-16&pdp_ext_f=%7B%22sku_id%22%3A%2212000016141679329%22%7D,//ae01.alicdn.com/kf/H508bd9767d8f4534b9a2d1d9f6a4d90cx/Christmas-Doll-Gift-Toys-Reindeer-Orange-Boy-and-Girl-Yellow-boy-Red-Boy-Girl-Mix-Coulor.jpg_220x220xz.jpg_.webp,US $5.67,Shop5008132 Store
L O L. Surprise! LOL Surprise Dolls Toy Cartoon Doll DIY Blind Box Cartoon Model Doll Toy LOL OMG Suit Gift One Piece Randomly,www.aliexpress.com/item/4000885140158.html?algo_pvid=a41eccc2-9903-4181-9e43-be7544393e0b&algo_exp_id=a41eccc2-9903-4181-9e43-be7544393e0b-17&pdp_ext_f=%7B%22sku_id%22%3A%2210000010316683458%22%7D,//ae01.alicdn.com/kf/H90d7ec49ed6b4365819deab7b3e15276u/L-O-L-Surprise-LOL-Surprise-Dolls-Toy-Cartoon-Doll-DIY-Blind-Box-Cartoon-Model-Doll.jpg_220x220xz.jpg_.webp,US $3.93,001 Store
Original LOL Surprise Watch Anime Figure Doll Pattern Toy Accessories Leather Girl Birthday Toys Kid's Christmas Gifts Random 1,www.aliexpress.com/item/1005001843351561.html?algo_pvid=a41eccc2-9903-4181-9e43-be7544393e0b&algo_exp_id=a41eccc2-9903-4181-9e43-be7544393e0b-18&pdp_ext_f=%7B%22sku_id%22%3A%2212000017821131720%22%7D,//ae01.alicdn.com/kf/He2e7a863571e4b4691462f805cbeb5beJ/Original-LOL-Surprise-Watch-Anime-Figure-Doll-Pattern-Toy-Accessories-Leather-Girl-Birthday-Toys-Kid-s.jpg_220x220xz.jpg_.webp,US $3.73,MDZZ toy Store
72-144Pcs Different Styles Pokemon Figures Model Collection 2-3cm Pokémon Anime Figure Toys Dolls Child Birthday Gift,www.aliexpress.com/item/1005002319612495.html?algo_pvid=a41eccc2-9903-4181-9e43-be7544393e0b&aem_p4p_detail=202108192159437160540863632570005593137&algo_exp_id=a41eccc2-9903-4181-9e43-be7544393e0b-19&pdp_ext_f=%7B%22sku_id%22%3A%2212000020067357893%22%7D,//ae01.alicdn.com/kf/Hed543ca438894b5a9a9e92fcdc85cd083/72-144Pcs-Different-Styles-Pokemon-Figures-Model-Collection-2-3cm-Pokémon-Anime-Figure-Toys-Dolls-Child.jpg_220x220xz.jpg_.webp,US $27.13,maternal Store
10PCS 8Cm Baby Confused Dolls Pendant Ornaments Christmas Tree Hanging Pendants Home Xmas Decoration,www.aliexpress.com/item/32844989218.html?algo_pvid=a41eccc2-9903-4181-9e43-be7544393e0b&algo_exp_id=a41eccc2-9903-4181-9e43-be7544393e0b-20&pdp_ext_f=%7B%22sku_id%22%3A%2212000015983011133%22%7D,//ae01.alicdn.com/kf/Hd82857b4bbb24defa21778921a5bdae2B/10PCS-8Cm-Baby-Confused-Dolls-Pendant-Ornaments-Christmas-Tree-Hanging-Pendants-Home-Xmas-Decoration.jpg_220x220xz.jpg_.webp,US $3.56,Cutadorns521 Store
Cup Cake Doll Play House Children'S Toy Cake Mini Surprise Doll Deformable Pastry Princess Sweet Girl Birthday Gift #40,www.aliexpress.com/item/4000165653638.html?algo_pvid=a41eccc2-9903-4181-9e43-be7544393e0b&algo_exp_id=a41eccc2-9903-4181-9e43-be7544393e0b-21&pdp_ext_f=%7B%22sku_id%22%3A%2210000000556347116%22%7D,//ae01.alicdn.com/kf/H1c179be21a174a758f2b90f4fea8d989u/Cup-Cake-Doll-Play-House-Children-S-Toy-Cake-Mini-Surprise-Doll-Deformable-Pastry-Princess-Sweet.jpg_220x220xz.jpg_.webp,US $3.08,BSDT Grobal Store
Ken Doll Clothes Doll Daily Wear Casual Suit Sweatshirt Pants Wedding Party Suit Man Male Doll Clothes For 30cm Doll Accessories,www.aliexpress.com/item/1005001671025780.html?algo_pvid=a41eccc2-9903-4181-9e43-be7544393e0b&algo_exp_id=a41eccc2-9903-4181-9e43-be7544393e0b-22&pdp_ext_f=%7B%22sku_id%22%3A%2212000017754321910%22%7D,//ae01.alicdn.com/kf/H3b189a6c241e4b86b6eadab0df40bf8bE/Ken-Doll-Clothes-Doll-Daily-Wear-Casual-Suit-Sweatshirt-Pants-Wedding-Party-Suit-Man-Male-Doll.jpg_220x220xz.jpg_.webp,US $0.01,Starriver Store
1/28 Proportion Height Dolls MESSI 2020&2021 Resin Figurine,www.aliexpress.com/item/4001190176100.html?algo_pvid=a41eccc2-9903-4181-9e43-be7544393e0b&algo_exp_id=a41eccc2-9903-4181-9e43-be7544393e0b-23&pdp_ext_f=%7B%22sku_id%22%3A%2210000015233567424%22%7D,//ae01.alicdn.com/kf/H154f09d8b78f4c9f9383620ebee41525O/1-28-Proportion-Height-Dolls-MESSI-2020-2021-Resin-Figurine.jpg_220x220xz.jpg_.webp,US $3.21,TanToon Store
Electric Dinosaur Spray Intelligent Remote Control Kids Toys Music Walking Dancing Inductive Following Cute Doll Children Gifts,www.aliexpress.com/item/1005003032219171.html?algo_pvid=a41eccc2-9903-4181-9e43-be7544393e0b&aem_p4p_detail=202108192159437160540863632570005593137&algo_exp_id=a41eccc2-9903-4181-9e43-be7544393e0b-24&pdp_ext_f=%7B%22sku_id%22%3A%2212000023341501385%22%7D,//ae01.alicdn.com/kf/Hc2a0dfe1290742588f2c2b38ad174151v/Electric-Dinosaur-Spray-Intelligent-Remote-Control-Kids-Toys-Music-Walking-Dancing-Inductive-Following-Cute-Doll-Children.jpg_220x220xz.jpg_.webp,US $46.79,HONIXNER YANG Store
5pcs Kids Toys Interactive Baby Dolls Toy Mini Doll For Girls And Boys Reborn Doll Toy Gift For Children Cute Key Small Pendant,www.aliexpress.com/item/4000556213857.html?algo_pvid=a41eccc2-9903-4181-9e43-be7544393e0b&algo_exp_id=a41eccc2-9903-4181-9e43-be7544393e0b-25&pdp_ext_f=%7B%22sku_id%22%3A%2210000002919192762%22%7D,//ae01.alicdn.com/kf/H5bba69a33ff9498698258b72711ee41aP/5pcs-Kids-Toys-Interactive-Baby-Dolls-Toy-Mini-Doll-For-Girls-And-Boys-Reborn-Doll-Toy.jpg_220x220xz.jpg_.webp,US $4.76,Zhang Jie Baby Care Store
5pc/set L.O.L. SURPRISE! Big doll 8cm Girl Sister lol Doll Set LOL Playing Dolls Kids DIY Toy Gift,www.aliexpress.com/item/1005001879580057.html?algo_pvid=a41eccc2-9903-4181-9e43-be7544393e0b&algo_exp_id=a41eccc2-9903-4181-9e43-be7544393e0b-26&pdp_ext_f=%7B%22sku_id%22%3A%2212000017999466236%22%7D,//ae01.alicdn.com/kf/H17828ffaf4d342ebb1d7da77feb28341N/5pc-set-L-O-L-SURPRISE-Big-doll-8cm-Girl-Sister-lol-Doll-Set-LOL-Playing.jpg_220x220xz.jpg_.webp,US $5.21,Loving Children Store
7cm Toddler Baby Elf Dolls with Movable Arms Legs Doll House Accessories Christmas Dolls Baby Elves Toy For Kids,www.aliexpress.com/item/1005001709988518.html?algo_pvid=a41eccc2-9903-4181-9e43-be7544393e0b&algo_exp_id=a41eccc2-9903-4181-9e43-be7544393e0b-27&pdp_ext_f=%7B%22sku_id%22%3A%2212000017245631237%22%7D,//ae01.alicdn.com/kf/H90d810f02f6c4a7eb785c8548af7be2bD/7cm-Toddler-Baby-Elf-Dolls-with-Movable-Arms-Legs-Doll-House-Accessories-Christmas-Dolls-Baby-Elves.jpg_220x220xz.jpg_.webp,US $3.57,LPZIHJY Store
16cm Beauty Girl BJD Doll 13 Moveable Joint Dolls Long Hair 3D Eyes bjd Toy Little Girl Dress Up Make Up Toys Girls Gift Dolls,www.aliexpress.com/item/1005001989791200.html?algo_pvid=a41eccc2-9903-4181-9e43-be7544393e0b&algo_exp_id=a41eccc2-9903-4181-9e43-be7544393e0b-28&pdp_ext_f=%7B%22sku_id%22%3A%2212000021007308203%22%7D,//ae01.alicdn.com/kf/H0754d35566f54a84a8ff24f81e86476dI/16cm-Beauty-Girl-BJD-Doll-13-Moveable-Joint-Dolls-Long-Hair-3D-Eyes-bjd-Toy-Little.jpg_220x220xz.jpg_.webp,US $2.16,tannron Store
Original LOLS SURPIRSE Dolls 5th Generation HAIR GOALS DIY Girl's Toy Christmas Gift,www.aliexpress.com/item/4000878848373.html?algo_pvid=a41eccc2-9903-4181-9e43-be7544393e0b&aem_p4p_detail=202108192159437160540863632570005593137&algo_exp_id=a41eccc2-9903-4181-9e43-be7544393e0b-29&pdp_ext_f=%7B%22sku_id%22%3A%2210000010207299634%22%7D,//ae01.alicdn.com/kf/H3b9425cb45034cd5bed5be58ca8b54126/Original-LOLS-SURPIRSE-Dolls-5th-Generation-HAIR-GOALS-DIY-Girl-s-Toy-Christmas-Gift.jpg_220x220xz.jpg_.webp,US $4.83,Incory Toy Store
LOL Surprise doll haha pet doll toy haha girl haha doll egg baby doll ball blind box children's toy birthday gift,www.aliexpress.com/item/1005001510023125.html?algo_pvid=a41eccc2-9903-4181-9e43-be7544393e0b&algo_exp_id=a41eccc2-9903-4181-9e43-be7544393e0b-30&pdp_ext_f=%7B%22sku_id%22%3A%2212000016406700035%22%7D,//ae01.alicdn.com/kf/Hf6fc730e667542a88fd7179d336438eeE/LOL-Surprise-doll-haha-pet-doll-toy-haha-girl-haha-doll-egg-baby-doll-ball-blind.jpg_220x220xz.jpg_.webp,US $5.32,peppa piged Store
Lol. Surprise! Doll Toy Surprise Dismantling Ball Funny Egg Fashion Doll Children Cartoon Toy Birthday Toy Gift Random Delivery,www.aliexpress.com/item/1005001510692967.html?algo_pvid=a41eccc2-9903-4181-9e43-be7544393e0b&algo_exp_id=a41eccc2-9903-4181-9e43-be7544393e0b-31&pdp_ext_f=%7B%22sku_id%22%3A%2212000016417725979%22%7D,//ae01.alicdn.com/kf/He8a5e3d43de9458cb1ac58c5b07398ea1/Lol-Surprise-Doll-Toy-Surprise-Dismantling-Ball-Funny-Egg-Fashion-Doll-Children-Cartoon-Toy-Birthday-Toy.jpg_220x220xz.jpg_.webp,US $5.69,Fun of baby Store
16CM BJD Doll 13 Moveable Jointed Blyth Dolls With smile pig face Naked Nude Women Body NO Face up without hair to makeup Dolls,www.aliexpress.com/item/1005001313736821.html?algo_pvid=a41eccc2-9903-4181-9e43-be7544393e0b&algo_exp_id=a41eccc2-9903-4181-9e43-be7544393e0b-32&pdp_ext_f=%7B%22sku_id%22%3A%2212000015664183892%22%7D,//ae01.alicdn.com/kf/Hf2e23099c24c4b73874792abfe2d34f8q/16CM-BJD-Doll-13-Moveable-Jointed-Blyth-Dolls-With-smile-pig-face-Naked-Nude-Women-Body.jpg_220x220xz.jpg_.webp,US $0.01,Tupursum Store
16cm Dimple Smile BJD Doll 13 Moveable Joint Dolls Cute Round Face BJD Toy Little Girl Dress Make Up Toy for Girls Gift Dolls,www.aliexpress.com/item/1005001613855766.html?algo_pvid=a41eccc2-9903-4181-9e43-be7544393e0b&algo_exp_id=a41eccc2-9903-4181-9e43-be7544393e0b-33&pdp_ext_f=%7B%22sku_id%22%3A%2212000019019445900%22%7D,//ae01.alicdn.com/kf/H92a6781c38ee48df869f3d90510fb32dW/16cm-Dimple-Smile-BJD-Doll-13-Moveable-Joint-Dolls-Cute-Round-Face-BJD-Toy-Little-Girl.jpg_220x220xz.jpg_.webp,US $2.16,tannron Store
Ranboo Plush Doll Hot Game Figure Plush Toy Soft Stuffed Cartoon Black And White Lamb Doll Toys for Children Birthday Gift,www.aliexpress.com/item/1005003028923243.html?algo_pvid=a41eccc2-9903-4181-9e43-be7544393e0b&aem_p4p_detail=202108192159437160540863632570005593137&algo_exp_id=a41eccc2-9903-4181-9e43-be7544393e0b-34&pdp_ext_f=%7B%22sku_id%22%3A%2212000023326802650%22%7D,//ae01.alicdn.com/kf/Ha637e2d427fa4e1d8d1dec1a1c649272Z/Ranboo-Plush-Doll-Hot-Game-Figure-Plush-Toy-Soft-Stuffed-Cartoon-Black-And-White-Lamb-Doll.jpg_220x220xz.jpg_.webp,US $17.19,Super-Happy Toy Store
Lol Surprise Dolls Pencil Bag Silica Pu Hand Bags Cartoon Dolls Cute Girl Pencil Bag LoL Surprise Student Stationery Bag Gifts,www.aliexpress.com/item/1005002116031952.html?algo_pvid=a41eccc2-9903-4181-9e43-be7544393e0b&algo_exp_id=a41eccc2-9903-4181-9e43-be7544393e0b-35&pdp_ext_f=%7B%22sku_id%22%3A%2212000018793094567%22%7D,//ae01.alicdn.com/kf/H9f1fd5267de548ea9c61471b3638cba3l/Lol-Surprise-Dolls-Pencil-Bag-Silica-Pu-Hand-Bags-Cartoon-Dolls-Cute-Girl-Pencil-Bag-LoL.jpg_220x220xz.jpg_.webp,US $2.98,Babytoy Store
LOL Dolls Projection Watch New Children 24 Models Projection Cartoon Pattern Boy Girl Kids Toys Electronic Product Birthday Gift,www.aliexpress.com/item/4001179893857.html?algo_pvid=a41eccc2-9903-4181-9e43-be7544393e0b&algo_exp_id=a41eccc2-9903-4181-9e43-be7544393e0b-36&pdp_ext_f=%7B%22sku_id%22%3A%2210000015059573661%22%7D,//ae01.alicdn.com/kf/Hb94ee92c716d4dbdb30a690cde69e7801/LOL-Dolls-Projection-Watch-New-Children-24-Models-Projection-Cartoon-Pattern-Boy-Girl-Kids-Toys-Electronic.jpg_220x220xz.jpg_.webp,US $4.97,patrol dogs Store
Elf Doll Elf Book Christmas Gift Toys Red Boy Red Girl Plush Dolls Toys Xmas Doll For Kid Children Toy,www.aliexpress.com/item/4000304840922.html?algo_pvid=a41eccc2-9903-4181-9e43-be7544393e0b&algo_exp_id=a41eccc2-9903-4181-9e43-be7544393e0b-37&pdp_ext_f=%7B%22sku_id%22%3A%2210000001269070191%22%7D,//ae01.alicdn.com/kf/Hfb1dc26074b5403a91bb3ff5a650ccc28/Elf-Doll-Elf-Book-Christmas-Gift-Toys-Red-Boy-Red-Girl-Plush-Dolls-Toys-Xmas-Doll.jpg_220x220xz.jpg_.webp,US $5.67,OuMeiDa Toy Store
Retail 1 Piece Christmas Baby Elf Dolls Baby Elves Dolls Toys Mini Elf Xmas Decoration Doll Kids Toys Gifts Dolls,www.aliexpress.com/item/1005002619867395.html?algo_pvid=a41eccc2-9903-4181-9e43-be7544393e0b&algo_exp_id=a41eccc2-9903-4181-9e43-be7544393e0b-38&pdp_ext_f=%7B%22sku_id%22%3A%2212000021430239487%22%7D,//ae01.alicdn.com/kf/H0c5d29cff7e449b5863685ad994ea1b2y/Retail-1-Piece-Christmas-Baby-Elf-Dolls-Baby-Elves-Dolls-Toys-Mini-Elf-Xmas-Decoration-Doll.jpg_220x220xz.jpg_.webp,US $3.87,Lovingkids Store
"Neo Blyth Doll Customized NBL Shiny Face,1/6 OB24 BJD Ball Jointed Doll Custom Blyth Dolls for Girl, Gift for Collection",www.aliexpress.com/item/1005001609145550.html?algo_pvid=a41eccc2-9903-4181-9e43-be7544393e0b&aem_p4p_detail=202108192159437160540863632570005593137&algo_exp_id=a41eccc2-9903-4181-9e43-be7544393e0b-39&pdp_ext_f=%7B%22sku_id%22%3A%2212000016788948314%22%7D,//ae01.alicdn.com/kf/H25c7e320f7b04a5bbc7e20b36f2aaeefR/Neo-Blyth-Doll-Customized-NBL-Shiny-Face-1-6-OB24-BJD-Ball-Jointed-Doll-Custom-Blyth.jpg_220x220xz.jpg_.webp,US $26.97,StartOnYou Official Store
12 Color Doll Stand For Blyth Doll Icy Doll Joint Body Normal Doll Accessories,www.aliexpress.com/item/1005002703914964.html?algo_pvid=a41eccc2-9903-4181-9e43-be7544393e0b&algo_exp_id=a41eccc2-9903-4181-9e43-be7544393e0b-40&pdp_ext_f=%7B%22sku_id%22%3A%2212000021784407866%22%7D,//ae01.alicdn.com/kf/H4fdc58fc66a64bdf8726de8ae895b7d0O/12-Color-Doll-Stand-For-Blyth-Doll-Icy-Doll-Joint-Body-Normal-Doll-Accessories.jpg_220x220xz.jpg_.webp,US $3.35,Thriving Baby Store
16cm Bjd Doll Clothes High-end Dress Up Can Dress Up Fashion Doll Clothes Skirt Suit Best Gifts for Children DIY Girls Toys,www.aliexpress.com/item/1005001398996303.html?algo_pvid=a41eccc2-9903-4181-9e43-be7544393e0b&algo_exp_id=a41eccc2-9903-4181-9e43-be7544393e0b-41&pdp_ext_f=%7B%22sku_id%22%3A%2212000015943343555%22%7D,//ae01.alicdn.com/kf/H07c2cef37fcb44bc8da62052753b1317S/16cm-Bjd-Doll-Clothes-High-end-Dress-Up-Can-Dress-Up-Fashion-Doll-Clothes-Skirt-Suit.jpg_220x220xz.jpg_.webp,US $0.67,Toy Country Perfact Store
5 Pairs Original Mini Shoes For LOLs Sister Dolls DIY Doll Accessory Kid's Birthday Gift Toy,www.aliexpress.com/item/4000979255758.html?algo_pvid=a41eccc2-9903-4181-9e43-be7544393e0b&algo_exp_id=a41eccc2-9903-4181-9e43-be7544393e0b-42&pdp_ext_f=%7B%22sku_id%22%3A%2210000013142668536%22%7D,//ae01.alicdn.com/kf/H1cdbd2dd78a14ed7bbe3298bc2abad92s/5-Pairs-Original-Mini-Shoes-For-LOLs-Sister-Dolls-DIY-Doll-Accessory-Kid-s-Birthday-Gift.jpg_220x220xz.jpg_.webp,US $3.28,Loving Families Store
Dream Fairy 1/6 Doll Cute Makeup 28cm Ball Joint Dolls Including Clothes Shoes Princess Style BJD Dolls DIY Toy Gifts for Girls,www.aliexpress.com/item/1005001607450300.html?algo_pvid=a41eccc2-9903-4181-9e43-be7544393e0b&algo_exp_id=a41eccc2-9903-4181-9e43-be7544393e0b-43&pdp_ext_f=%7B%22sku_id%22%3A%2212000016787732746%22%7D,//ae01.alicdn.com/kf/Hd5976a086cfa410080d08badcfe8227c0/Dream-Fairy-1-6-Doll-Cute-Makeup-28cm-Ball-Joint-Dolls-Including-Clothes-Shoes-Princess-Style.jpg_220x220xz.jpg_.webp,US $45.38,Dream Fairy Official Store
LOLS Surprise Toy Child Demolition Ball Funny LOLS Dolls Egg Cartoon Anime Figure PVC Material Boy Girl Birthday Gift,www.aliexpress.com/item/1005003063911289.html?algo_pvid=a41eccc2-9903-4181-9e43-be7544393e0b&aem_p4p_detail=202108192159437160540863632570005593137&algo_exp_id=a41eccc2-9903-4181-9e43-be7544393e0b-44&pdp_ext_f=%7B%22sku_id%22%3A%2212000023719297355%22%7D,//ae01.alicdn.com/kf/Hd7e6aa5216f040b4846f9bf142d42a70H/LOLS-Surprise-Toy-Child-Demolition-Ball-Funny-LOLS-Dolls-Egg-Cartoon-Anime-Figure-PVC-Material-Boy.jpg_220x220xz.jpg_.webp,US $6.04,32996517233 Toy Store Store
BJD Nude Doll 30Cm Full Plastic Movable Joints Doll Long Wighair Girls Dolls Fashion 3D Eyes Girls Dolls Toys Christmas Gift New,www.aliexpress.com/item/1005001720952677.html?algo_pvid=a41eccc2-9903-4181-9e43-be7544393e0b&algo_exp_id=a41eccc2-9903-4181-9e43-be7544393e0b-45&pdp_ext_f=%7B%22sku_id%22%3A%2212000017332359130%22%7D,//ae01.alicdn.com/kf/H60b9e1e8d51741e8b31daf0965d4226fw/BJD-Nude-Doll-30Cm-Full-Plastic-Movable-Joints-Doll-Long-Wighair-Girls-Dolls-Fashion-3D-Eyes.jpg_220x220xz.jpg_.webp,US $3.99,Shop910893006 Store
LOL Surprises Plush Pet Dolls Wash Feather with Warm Water Can See How Pets Look Like Is The Best Birthday Party Gift for Girls,www.aliexpress.com/item/1005002361744821.html?algo_pvid=a41eccc2-9903-4181-9e43-be7544393e0b&algo_exp_id=a41eccc2-9903-4181-9e43-be7544393e0b-46&pdp_ext_f=%7B%22sku_id%22%3A%2212000020315361508%22%7D,//ae01.alicdn.com/kf/Hae3753c519c345f3988ca9a5463f79e54/LOL-Surprises-Plush-Pet-Dolls-Wash-Feather-with-Warm-Water-Can-See-How-Pets-Look-Like.jpg_220x220xz.jpg_.webp,US $2.38,MDZZ toy Store
L.O.L.SURPRISE! Lol Dolls Surprise Toys Beautiful Hair Doll DIY Manual Blind Box Model Doll Toy Gift Sent Random,www.aliexpress.com/item/4000917262647.html?algo_pvid=a41eccc2-9903-4181-9e43-be7544393e0b&algo_exp_id=a41eccc2-9903-4181-9e43-be7544393e0b-47&pdp_ext_f=%7B%22sku_id%22%3A%2210000010930659674%22%7D,//ae01.alicdn.com/kf/H469430fd1641414abb1273bff8445478D/L-O-L-SURPRISE-Lol-Dolls-Surprise-Toys-Beautiful-Hair-Doll-DIY-Manual-Blind-Box-Model.jpg_220x220xz.jpg_.webp,US $3.93,Chinese toy store Store
New 30cm Movable Joints BJD Doll Casual Fashion Princess Clothes Suit Accessories Nude Decoration Multicolor Hair Girl Gift Toy,www.aliexpress.com/item/1005002748757617.html?algo_pvid=a41eccc2-9903-4181-9e43-be7544393e0b&algo_exp_id=a41eccc2-9903-4181-9e43-be7544393e0b-48&pdp_ext_f=%7B%22sku_id%22%3A%2212000021955131868%22%7D,//ae01.alicdn.com/kf/H018756c99b1b481bbe6869db216b957eO/New-30cm-Movable-Joints-BJD-Doll-Casual-Fashion-Princess-Clothes-Suit-Accessories-Nude-Decoration-Multicolor-Hair.jpg_220x220xz.jpg_.webp,US $2.81,children toy gift Store
Super Heroes Go Jit Games Zu Action Figures Super Elastic Animal Doll Rubber Man Squeeze Decompression Vent Toys For Kids Gift,www.aliexpress.com/item/1005002964734129.html?algo_pvid=a41eccc2-9903-4181-9e43-be7544393e0b&aem_p4p_detail=202108192159437160540863632570005593137&algo_exp_id=a41eccc2-9903-4181-9e43-be7544393e0b-49&pdp_ext_f=%7B%22sku_id%22%3A%2212000023400851268%22%7D,//ae01.alicdn.com/kf/H113a0be075e041bbb9b9e5e24096f84bS/Super-Heroes-Go-Jit-Games-Zu-Action-Figures-Super-Elastic-Animal-Doll-Rubber-Man-Squeeze-Decompression.jpg_220x220xz.jpg_.webp,US $9.67,Unique Toy Store
16cm Big Eyes Doll Articulated Removable Diy Dressing Doll Head Body Fashion Girl Hair Toy Christmas Birthday Gift Girl Toy,www.aliexpress.com/item/4001259965982.html?algo_pvid=a41eccc2-9903-4181-9e43-be7544393e0b&algo_exp_id=a41eccc2-9903-4181-9e43-be7544393e0b-50&pdp_ext_f=%7B%22sku_id%22%3A%2210000015498654173%22%7D,//ae01.alicdn.com/kf/Hd842e6e331c54877ac83c8c8813a9b49Q/16cm-Big-Eyes-Doll-Articulated-Removable-Diy-Dressing-Doll-Head-Body-Fashion-Girl-Hair-Toy-Christmas.jpg_220x220xz.jpg_.webp,US $3.97,Baby's life Store
6.5cm Height Dolls C.Ronaldo Neymar Robben Beckham 2.5inch Resin Figurine,www.aliexpress.com/item/4000349731843.html?algo_pvid=a41eccc2-9903-4181-9e43-be7544393e0b&algo_exp_id=a41eccc2-9903-4181-9e43-be7544393e0b-51&pdp_ext_f=%7B%22sku_id%22%3A%2210000001445535989%22%7D,//ae01.alicdn.com/kf/H1a069d76b54d42d7909521bfd7c60ff5X/6-5cm-Height-Dolls-C-Ronaldo-Neymar-Robben-Beckham-2-5inch-Resin-Figurine.jpg_220x220xz.jpg_.webp,US $4.49,Model Car Store
Reborn 13 Moveable Jointed 16cm 1/8 Surprise Blyth Dolls cute Toys BJD Baby Doll Naked Nude Women Body Dolls for Girls Gift Toy,www.aliexpress.com/item/4000836695298.html?algo_pvid=a41eccc2-9903-4181-9e43-be7544393e0b&algo_exp_id=a41eccc2-9903-4181-9e43-be7544393e0b-52&pdp_ext_f=%7B%22sku_id%22%3A%2210000008719157515%22%7D,//ae01.alicdn.com/kf/H84f1ba4649054311a6570b24fa042f571/Reborn-13-Moveable-Jointed-16cm-1-8-Surprise-Blyth-Dolls-cute-Toys-BJD-Baby-Doll-Naked.jpg_220x220xz.jpg_.webp,US $2.27,Tupursum Store
30.5cm simulation long hair bebe reborn newborn doll 12 inch Soft silicone Realistic twin doll DIY Sound education toys kids,www.aliexpress.com/item/4000972527790.html?algo_pvid=a41eccc2-9903-4181-9e43-be7544393e0b&algo_exp_id=a41eccc2-9903-4181-9e43-be7544393e0b-53&pdp_ext_f=%7B%22sku_id%22%3A%2210000012979194058%22%7D,//ae01.alicdn.com/kf/H8ff1301ab52e499cb58811febdb9a21fW/30-5cm-simulation-long-hair-bebe-reborn-newborn-doll-12-inch-Soft-silicone-Realistic-twin-doll.jpg_220x220xz.jpg_.webp,US $17.18,Children's world toy Store
60cm Unicorn Stuffed Animal Cute Unicorn Plush Toy Doll Birthday Christmas Gift for Toddler Girls,www.aliexpress.com/item/1005003058167258.html?algo_pvid=a41eccc2-9903-4181-9e43-be7544393e0b&aem_p4p_detail=202108192159437160540863632570005593137&algo_exp_id=a41eccc2-9903-4181-9e43-be7544393e0b-54&pdp_ext_f=%7B%22sku_id%22%3A%2212000023683646269%22%7D,//ae01.alicdn.com/kf/Ha671a94e945a4fbb9b0040641cec3d21P/60cm-Unicorn-Stuffed-Animal-Cute-Unicorn-Plush-Toy-Doll-Birthday-Christmas-Gift-for-Toddler-Girls.jpg_220x220xz.jpg_.webp,US $29.65,Ring Ring Ring 7 Store
2019 New 1Pcs Kids Toys Soft Interactive Baby Dolls Toy Mini Doll For girls and boys Dolls & Stuffed Toys Free Shipping,www.aliexpress.com/item/32413214476.html?algo_pvid=a41eccc2-9903-4181-9e43-be7544393e0b&algo_exp_id=a41eccc2-9903-4181-9e43-be7544393e0b-55&pdp_ext_f=%7B%22sku_id%22%3A%2266449135807%22%7D,//ae01.alicdn.com/kf/Hba261daa0aa649d7b62b0ca70d55cc82D/Kids-Toys-Soft-Interactive-Baby-Dolls-Toy-Pendant-For-Girls-Free-Shipping.jpg_220x220xz.jpg_.webp,US $0.91,"The Girl Next Door Trading Co., Ltd"
30cm Fashion Doll Toys for Girls 1/6 BJD Dolls Body Make-up 3D Eyes Beautiful Princess Baby Girl Dolls Plastic DIY Toy for Girls,www.aliexpress.com/item/4000484551179.html?algo_pvid=a41eccc2-9903-4181-9e43-be7544393e0b&algo_exp_id=a41eccc2-9903-4181-9e43-be7544393e0b-56&pdp_ext_f=%7B%22sku_id%22%3A%2210000002008574403%22%7D,//ae01.alicdn.com/kf/H3f35d0df39e2413cb7d1fcfe5bb499e0X/30cm-Fashion-Doll-Toys-for-Girls-1-6-BJD-Dolls-Body-Make-up-3D-Eyes-Beautiful.jpg_220x220xz.jpg_.webp,US $0.78,Hi-ME Store
"3Inch Original MGA Lalaloopsy Dolls With The Accessories, Mini Dolls For Girl's Toy Playhouse Each Unique",www.aliexpress.com/item/33049416033.html?algo_pvid=a41eccc2-9903-4181-9e43-be7544393e0b&algo_exp_id=a41eccc2-9903-4181-9e43-be7544393e0b-57&pdp_ext_f=%7B%22sku_id%22%3A%2267435842290%22%7D,//ae01.alicdn.com/kf/HTB1oFpqeRCw3KVjSZR0q6zcUpXag/3Inch-Original-MGA-Lalaloopsy-Dolls-With-The-Accessories-Mini-Dolls-For-Girl-s-Toy-Playhouse-Each.jpg_220x220xz.jpg_.webp,US $3.73,TULGLUGH Store
"15CM Teil Doll Hair Cover, DIY Hairline For Kurhn Night Lolita Wig Synthetic Fiber Doll Wig, BJD High Temperature Silk Weft",www.aliexpress.com/item/1005002662888767.html?algo_pvid=a41eccc2-9903-4181-9e43-be7544393e0b&algo_exp_id=a41eccc2-9903-4181-9e43-be7544393e0b-58&pdp_ext_f=%7B%22sku_id%22%3A%2212000021607534803%22%7D,//ae01.alicdn.com/kf/Hcceb37bfa4f14352bd6cc4643cb79eafS/15CM-Teil-Doll-Hair-Cover-DIY-Hairline-For-Kurhn-Night-Lolita-Wig-Synthetic-Fiber-Doll-Wig.jpg_220x220xz.jpg_.webp,US $2.46,Pink Toy Store
ICY DBS Blyth Doll 1/6 bjd ob24 toy joint body white skin custom doll customized face matte face 30cm toy girls gift,www.aliexpress.com/item/4000237440842.html?algo_pvid=a41eccc2-9903-4181-9e43-be7544393e0b&aem_p4p_detail=202108192159437160540863632570005593137&algo_exp_id=a41eccc2-9903-4181-9e43-be7544393e0b-59&pdp_ext_f=%7B%22sku_id%22%3A%2210000000987477991%22%7D,//ae01.alicdn.com/kf/Hf729a434c0894c9d8b67a2dbc15d170ah/ICY-DBS-Blyth-Doll-1-6-bjd-ob24-toy-joint-body-white-skin-custom-doll-customized.jpg_220x220xz.jpg_.webp,US $49.87,Blythe Homes
30.5cm simulation long hair bebe reborn newborn doll 12 inch Soft silicone Realistic twin doll DIY Sound education toys kids,www.aliexpress.com/item/4000972527790.html?algo_pvid=4b741810-3423-42ff-94a8-3c7b0318a786&algo_exp_id=4b741810-3423-42ff-94a8-3c7b0318a786-0&pdp_ext_f=%7B%22sku_id%22%3A%2210000012979194058%22%7D,//ae01.alicdn.com/kf/H8ff1301ab52e499cb58811febdb9a21fW/30-5cm-simulation-long-hair-bebe-reborn-newborn-doll-12-inch-Soft-silicone-Realistic-twin-doll.jpg_220x220xz.jpg_.webp,US $17.18,Children's world toy Store
Anime LOL SURPRISE Dolls Bundle Pocket DIY Theme Decoration Gift Storage Bag Cute Cartoon LOL Doll Figures Non-woven Fabric Bag,www.aliexpress.com/item/1005002281878274.html?algo_pvid=4b741810-3423-42ff-94a8-3c7b0318a786&algo_exp_id=4b741810-3423-42ff-94a8-3c7b0318a786-1&pdp_ext_f=%7B%22sku_id%22%3A%2212000019901320405%22%7D,//ae01.alicdn.com/kf/H8c684cf5888040ee9e3a714b411b14a9K/Anime-LOL-SURPRISE-Dolls-Bundle-Pocket-DIY-Theme-Decoration-Gift-Storage-Bag-Cute-Cartoon-LOL-Doll.jpg_220x220xz.jpg_.webp,US $1.59,Babytoy Store
2019 New 1Pcs Kids Toys Soft Interactive Baby Dolls Toy Mini Doll For girls and boys Dolls & Stuffed Toys Free Shipping,www.aliexpress.com/item/32413214476.html?algo_pvid=4b741810-3423-42ff-94a8-3c7b0318a786&algo_exp_id=4b741810-3423-42ff-94a8-3c7b0318a786-2&pdp_ext_f=%7B%22sku_id%22%3A%2266449135807%22%7D,//ae01.alicdn.com/kf/Hba261daa0aa649d7b62b0ca70d55cc82D/Kids-Toys-Soft-Interactive-Baby-Dolls-Toy-Pendant-For-Girls-Free-Shipping.jpg_220x220xz.jpg_.webp,US $0.91,"The Girl Next Door Trading Co., Ltd"
30cm Fashion Doll Toys for Girls 1/6 BJD Dolls Body Make-up 3D Eyes Beautiful Princess Baby Girl Dolls Plastic DIY Toy for Girls,www.aliexpress.com/item/4000484551179.html?algo_pvid=4b741810-3423-42ff-94a8-3c7b0318a786&algo_exp_id=4b741810-3423-42ff-94a8-3c7b0318a786-3&pdp_ext_f=%7B%22sku_id%22%3A%2210000002008574403%22%7D,//ae01.alicdn.com/kf/H3f35d0df39e2413cb7d1fcfe5bb499e0X/30cm-Fashion-Doll-Toys-for-Girls-1-6-BJD-Dolls-Body-Make-up-3D-Eyes-Beautiful.jpg_220x220xz.jpg_.webp,US $0.01,Hi-ME Store
Brand Anime Model Hatsune Miku Room Wear Action Figure PVC Doll Toy Decoration Gift Exquisite Boxed Hatsune Miku figure model,www.aliexpress.com/item/1005003159005173.html?algo_pvid=4b741810-3423-42ff-94a8-3c7b0318a786&aem_p4p_detail=202108192200003466633746662760005111081&algo_exp_id=4b741810-3423-42ff-94a8-3c7b0318a786-4&pdp_ext_f=%7B%22sku_id%22%3A%2212000024415254684%22%7D,//ae01.alicdn.com/kf/H95a6a0a20ff34dc1bbf7841ac3379b556/Brand-Anime-Model-Hatsune-Miku-Room-Wear-Action-Figure-PVC-Doll-Toy-Decoration-Gift-Exquisite-Boxed.jpg_220x220xz.jpg_.webp,US $23.84,Sususus Toy Store
"3Inch Original MGA Lalaloopsy Dolls With The Accessories, Mini Dolls For Girl's Toy Playhouse Each Unique",www.aliexpress.com/item/33049416033.html?algo_pvid=4b741810-3423-42ff-94a8-3c7b0318a786&algo_exp_id=4b741810-3423-42ff-94a8-3c7b0318a786-5&pdp_ext_f=%7B%22sku_id%22%3A%2267435842290%22%7D,//ae01.alicdn.com/kf/HTB1oFpqeRCw3KVjSZR0q6zcUpXag/3Inch-Original-MGA-Lalaloopsy-Dolls-With-The-Accessories-Mini-Dolls-For-Girl-s-Toy-Playhouse-Each.jpg_220x220xz.jpg_.webp,US $1.61,TULGLUGH Store
"15CM Teil Doll Hair Cover, DIY Hairline For Kurhn Night Lolita Wig Synthetic Fiber Doll Wig, BJD High Temperature Silk Weft",www.aliexpress.com/item/1005002662888767.html?algo_pvid=4b741810-3423-42ff-94a8-3c7b0318a786&algo_exp_id=4b741810-3423-42ff-94a8-3c7b0318a786-6&pdp_ext_f=%7B%22sku_id%22%3A%2212000021607534803%22%7D,//ae01.alicdn.com/kf/Hcceb37bfa4f14352bd6cc4643cb79eafS/15CM-Teil-Doll-Hair-Cover-DIY-Hairline-For-Kurhn-Night-Lolita-Wig-Synthetic-Fiber-Doll-Wig.jpg_220x220xz.jpg_.webp,US $2.08,Pink Toy Store
New 16cm BJD Doll 13 Jointed Dolls Multiple Color Hairstyles Cute Doll with Shoes for Girls Toys Nude Body Fashion Gift,www.aliexpress.com/item/1005002482999751.html?algo_pvid=4b741810-3423-42ff-94a8-3c7b0318a786&algo_exp_id=4b741810-3423-42ff-94a8-3c7b0318a786-7&pdp_ext_f=%7B%22sku_id%22%3A%2212000020814315121%22%7D,//ae01.alicdn.com/kf/H4003c3b0b61f4768b0f02b0283d15509C/New-16cm-BJD-Doll-13-Jointed-Dolls-Multiple-Color-Hairstyles-Cute-Doll-with-Shoes-for-Girls.jpg_220x220xz.jpg_.webp,US $0.99,H-HAHA Store
Lol surprise doll summer cartoon pattern baseball cap sun hat toy set mask cloak party decoration toy children cartoon toy gift,www.aliexpress.com/item/4000758747061.html?algo_pvid=4b741810-3423-42ff-94a8-3c7b0318a786&algo_exp_id=4b741810-3423-42ff-94a8-3c7b0318a786-8&pdp_ext_f=%7B%22sku_id%22%3A%2210000007499280399%22%7D,//ae01.alicdn.com/kf/H7b3af926a5a04d5fb2c69489f7c3e324c/Lol-surprise-doll-summer-cartoon-pattern-baseball-cap-sun-hat-toy-set-mask-cloak-party-decoration.jpg_220x220xz.jpg_.webp,US $4.31,peppa piging Store
60cm Unicorn Stuffed Animal Cute Unicorn Plush Toy Doll Birthday Christmas Gift for Toddler Girls,www.aliexpress.com/item/1005003058167258.html?algo_pvid=4b741810-3423-42ff-94a8-3c7b0318a786&aem_p4p_detail=202108192200003466633746662760005111081&algo_exp_id=4b741810-3423-42ff-94a8-3c7b0318a786-9&pdp_ext_f=%7B%22sku_id%22%3A%2212000023683646269%22%7D,//ae01.alicdn.com/kf/Ha671a94e945a4fbb9b0040641cec3d21P/60cm-Unicorn-Stuffed-Animal-Cute-Unicorn-Plush-Toy-Doll-Birthday-Christmas-Gift-for-Toddler-Girls.jpg_220x220xz.jpg_.webp,US $17.29,Ring Ring Ring 7 Store
"9 Pcs In One, 3Inch Original MGA Lalaloopsy Dolls Mini Dolls For Baby's Toy Play House Each Unique",www.aliexpress.com/item/32872133315.html?algo_pvid=4b741810-3423-42ff-94a8-3c7b0318a786&algo_exp_id=4b741810-3423-42ff-94a8-3c7b0318a786-10&pdp_ext_f=%7B%22sku_id%22%3A%2265603936624%22%7D,//ae01.alicdn.com/kf/H1e5d96c1b97b4f92809ab537ba43d337X/9-Pcs-In-One-3Inch-Original-MGA-Lalaloopsy-Dolls-Mini-Dolls-For-Baby-s-Toy-Play.jpg_220x220xz.jpg_.webp,US $15.48,Sheila's Doll Clothes Store
lol surprise stickers dolls 3D cartoon Original lols dolls anime stereoscopic stickers action toys sets for girl's gifts,www.aliexpress.com/item/4001047885433.html?algo_pvid=4b741810-3423-42ff-94a8-3c7b0318a786&algo_exp_id=4b741810-3423-42ff-94a8-3c7b0318a786-11&pdp_ext_f=%7B%22sku_id%22%3A%2210000013760229333%22%7D,//ae01.alicdn.com/kf/H9c7e4a7ff44f4084be2449dd2ded74c84/lol-surprise-stickers-dolls-3D-cartoon-Original-lols-dolls-anime-stereoscopic-stickers-action-toys-sets-for.jpg_220x220xz.jpg_.webp,US $3.57,JS TOY Store
BJD Mini 16cm Doll 13 Movable Joints 1/12 Multi-color Hair Princess Doll and Clothes Can Dress Up Girls DIY Toys Birthday Gifts,www.aliexpress.com/item/1005002394683262.html?algo_pvid=4b741810-3423-42ff-94a8-3c7b0318a786&algo_exp_id=4b741810-3423-42ff-94a8-3c7b0318a786-12&pdp_ext_f=%7B%22sku_id%22%3A%2212000020503353082%22%7D,//ae01.alicdn.com/kf/Hf5c7bdaa93f24cdb9d25a3e5400de208d/BJD-Mini-16cm-Doll-13-Movable-Joints-1-12-Multi-color-Hair-Princess-Doll-and-Clothes.jpg_220x220xz.jpg_.webp,US $0.82,SONGYI Childhood Toy Store
2021 Lovely Waterproof LED Light Doll Casual Creative Kids Mermaid Toy for Bath Spa Swimming Pool Four Colors Random,www.aliexpress.com/item/1005002740873758.html?algo_pvid=4b741810-3423-42ff-94a8-3c7b0318a786&algo_exp_id=4b741810-3423-42ff-94a8-3c7b0318a786-13&pdp_ext_f=%7B%22sku_id%22%3A%2212000021929613979%22%7D,//ae01.alicdn.com/kf/Heefbfe48f86747d7b99423b07e703643Y/2021-Lovely-Waterproof-LED-Light-Doll-Casual-Creative-Kids-Mermaid-Toy-for-Bath-Spa-Swimming-Pool.jpg_220x220xz.jpg_.webp,US $1.04,Mami's BB Store
"Neo Blyth Doll Customized NBL Shiny Face,1/6 OB24 BJD Ball Jointed Doll Custom Blyth Dolls for Girl, Gift for Collection",www.aliexpress.com/item/1005001609145550.html?algo_pvid=4b741810-3423-42ff-94a8-3c7b0318a786&aem_p4p_detail=202108192200003466633746662760005111081&algo_exp_id=4b741810-3423-42ff-94a8-3c7b0318a786-14&pdp_ext_f=%7B%22sku_id%22%3A%2212000016788948314%22%7D,//ae01.alicdn.com/kf/H25c7e320f7b04a5bbc7e20b36f2aaeefR/Neo-Blyth-Doll-Customized-NBL-Shiny-Face-1-6-OB24-BJD-Ball-Jointed-Doll-Custom-Blyth.jpg_220x220xz.jpg_.webp,US $22.32,StartOnYou Official Store
Boneca Bebe Reborn Doll Corpo de Silicone Pode Tomar Banho Chupeta magnetic Presente de Crianças Barato Promoção,www.aliexpress.com/item/1005001737425908.html?algo_pvid=4b741810-3423-42ff-94a8-3c7b0318a786&algo_exp_id=4b741810-3423-42ff-94a8-3c7b0318a786-15&pdp_ext_f=%7B%22sku_id%22%3A%2212000018401931163%22%7D,//ae01.alicdn.com/kf/H148fda2445d84e429580ae657b071b442/Boneca-Bebe-Reborn-Doll-Corpo-de-Silicone-Pode-Tomar-Banho-Chupeta-magnetic-Presente-de-Crianças-Barato.jpg_220x220xz.jpg_.webp,US $47.82,Brastoy Official Store
2.5inch Height AC2021 Activity Doll Figure Toy,www.aliexpress.com/item/1005002091318549.html?algo_pvid=4b741810-3423-42ff-94a8-3c7b0318a786&algo_exp_id=4b741810-3423-42ff-94a8-3c7b0318a786-16&pdp_ext_f=%7B%22sku_id%22%3A%2212000018712270855%22%7D,//ae01.alicdn.com/kf/H5f0c8f2298a64de9af51b757623a51b6m/2-5inch-Height-AC2021-Activity-Doll-Figure-Toy.jpg_220x220xz.jpg_.webp,US $2.03,Toyshop Store
26cm Doll Nude Body 12 Joints Doll Naked Body Moveable Doll Body For 1/6 Doll Body for Girls Toys,www.aliexpress.com/item/33054671475.html?algo_pvid=4b741810-3423-42ff-94a8-3c7b0318a786&algo_exp_id=4b741810-3423-42ff-94a8-3c7b0318a786-17&pdp_ext_f=%7B%22sku_id%22%3A%2267409639043%22%7D,//ae01.alicdn.com/kf/HTB15a7keROD3KVjSZFFq6An9pXaT/26cm-Doll-Nude-Body-12-Joints-Doll-Naked-Body-Moveable-Doll-Body-For-1-6-Doll.jpg_220x220xz.jpg_.webp,US $2.39,YUANTONG Store
2pcs Kids Baby Scooter Mini Toy For Barbie Accessories Girls Birthday Gifts Doll Accessories Fits for 10cm Kelly Dolls,www.aliexpress.com/item/32855762603.html?algo_pvid=4b741810-3423-42ff-94a8-3c7b0318a786&algo_exp_id=4b741810-3423-42ff-94a8-3c7b0318a786-18&pdp_ext_f=%7B%22sku_id%22%3A%2265246867357%22%7D,//ae01.alicdn.com/kf/HTB1I7uCcnlYBeNjSszcq6zwhFXaq/2pcs-Kids-Baby-Scooter-Mini-Toy-For-Barbie-Accessories-Girls-Birthday-Gifts-Doll-Accessories-Fits-for.jpg_220x220xz.jpg_.webp,US $2.29,Happy Doll Toy Store
Cute Daisy Pillow Flower Toy Plant Stuffed Doll For Kids Girls Gifts Stretch Soft Sofa Cushion Tatami Floor Pillows Home Decor,www.aliexpress.com/item/1005002615325883.html?algo_pvid=4b741810-3423-42ff-94a8-3c7b0318a786&aem_p4p_detail=202108192200003466633746662760005111081&algo_exp_id=4b741810-3423-42ff-94a8-3c7b0318a786-19&pdp_ext_f=%7B%22sku_id%22%3A%2212000021406262454%22%7D,//ae01.alicdn.com/kf/Hfd98abdb33a74f2d837219d7e2da0434R/Cute-Daisy-Pillow-Flower-Toy-Plant-Stuffed-Doll-For-Kids-Girls-Gifts-Stretch-Soft-Sofa-Cushion.jpg_220x220xz.jpg_.webp,US $9.99,Exquisite Life House Store
Pudcoco Waterproof LED Light Swimming Mermaid Doll Kid Girls Beauty Fish Plastic Toy Bath Swimming pool Gifts Color Random,www.aliexpress.com/item/4000444716489.html?algo_pvid=4b741810-3423-42ff-94a8-3c7b0318a786&algo_exp_id=4b741810-3423-42ff-94a8-3c7b0318a786-20&pdp_ext_f=%7B%22sku_id%22%3A%2210000001825712755%22%7D,//ae01.alicdn.com/kf/H448e3d571bf2481bb530484c6508b692e/Pudcoco-Waterproof-LED-Light-Swimming-Mermaid-Doll-Kid-Girls-Beauty-Fish-Plastic-Toy-Bath-Swimming-pool.jpg_220x220xz.jpg_.webp,US $0.90,DDU-DU Store
1 Set 5 Pcs Wood Russian Nesting Dolls Matryoshka Stacking Hand Wooden Nesting Dolls Kids Gifts Doll Home Decor Handmade Crafts,www.aliexpress.com/item/1005002348446095.html?algo_pvid=4b741810-3423-42ff-94a8-3c7b0318a786&algo_exp_id=4b741810-3423-42ff-94a8-3c7b0318a786-21&pdp_ext_f=%7B%22sku_id%22%3A%2212000020218272483%22%7D,//ae01.alicdn.com/kf/H5643e93a905e498ba0d2bb32d91710b2y/1-Set-5-Pcs-Wood-Russian-Nesting-Dolls-Matryoshka-Stacking-Hand-Wooden-Nesting-Dolls-Kids-Gifts.jpg_220x220xz.jpg_.webp,US $8.78,Shop4214057 Store
Fashion Colorful Sleeping Baby Doll Hanging Piece Hair Ball Pendant Cute Fluffy Pompom Chain Cotton Wool Holder Bag Ball Toy,www.aliexpress.com/item/33023985919.html?algo_pvid=4b741810-3423-42ff-94a8-3c7b0318a786&algo_exp_id=4b741810-3423-42ff-94a8-3c7b0318a786-22&pdp_ext_f=%7B%22sku_id%22%3A%2210000003969745414%22%7D,//ae01.alicdn.com/kf/HTB1PIRWavWG3KVjSZFPq6xaiXXaD/Fashion-Colorful-Sleeping-Baby-Doll-Hanging-Piece-Hair-Ball-Pendant-Cute-Fluffy-Pompom-Chain-Cotton-Wool.jpg_220x220xz.jpg_.webp,US $1.87,Magical Toy Store
5pcs/lot Colorful Hair Troll Doll Family Members Daddy Mummy Baby Boy Girl Leprocauns Dam Trolls Toy Gifts Happy Love Family,www.aliexpress.com/item/32794213660.html?algo_pvid=4b741810-3423-42ff-94a8-3c7b0318a786&algo_exp_id=4b741810-3423-42ff-94a8-3c7b0318a786-23&pdp_ext_f=%7B%22sku_id%22%3A%2263873279054%22%7D,//ae01.alicdn.com/kf/HTB14eINPFXXXXcxXVXXq6xXFXXXZ/5pcs-lot-Colorful-Hair-Troll-Doll-Family-Members-Daddy-Mummy-Baby-Boy-Girl-Leprocauns-Dam-Trolls.jpg_220x220xz.jpg_.webp,US $1.60,Loving Families Store
ICY DBS Blyth Factory doll Suitable For Dress up by yourself DIY Change 1/6 BJD Toy special price OB24b ball joint,www.aliexpress.com/item/32699402609.html?algo_pvid=4b741810-3423-42ff-94a8-3c7b0318a786&aem_p4p_detail=202108192200003466633746662760005111081&algo_exp_id=4b741810-3423-42ff-94a8-3c7b0318a786-24&pdp_ext_f=%7B%22sku_id%22%3A%2210000000747894339%22%7D,//ae01.alicdn.com/kf/HTB1VH2AXhz1gK0jSZSgq6yvwpXa2/ICY-DBS-Blyth-Factory-doll-Suitable-For-Dress-up-by-yourself-DIY-Change-1-6-BJD.jpg_220x220xz.jpg_.webp,US $33.27,The show!
Water Fun Swimming Pool For Waterproof Electric Doll Best-gift Toy Swimming Water Doll Joint Movable Educational Toy For Kids,www.aliexpress.com/item/1005002869045370.html?algo_pvid=4b741810-3423-42ff-94a8-3c7b0318a786&algo_exp_id=4b741810-3423-42ff-94a8-3c7b0318a786-25&pdp_ext_f=%7B%22sku_id%22%3A%2212000022536893689%22%7D,//ae01.alicdn.com/kf/Hb944dd440af04a01a601f17137e5d9f1F/Water-Fun-Swimming-Pool-For-Waterproof-Electric-Doll-Best-gift-Toy-Swimming-Water-Doll-Joint-Movable.jpg_220x220xz.jpg_.webp,US $4.19,boxiao Store
16cm Big Eye Fashion Doll Cotton Clothes Dress Up Suit For Doll Outfit Daily Casual Accessories Skirt For Girls Diy Toy Dropship,www.aliexpress.com/item/1005002383624904.html?algo_pvid=4b741810-3423-42ff-94a8-3c7b0318a786&algo_exp_id=4b741810-3423-42ff-94a8-3c7b0318a786-26&pdp_ext_f=%7B%22sku_id%22%3A%2212000020448817561%22%7D,//ae01.alicdn.com/kf/H9e06ff16386f416ea4d50213de7d793am/16cm-Big-Eye-Fashion-Doll-Cotton-Clothes-Dress-Up-Suit-For-Doll-Outfit-Daily-Casual-Accessories.jpg_220x220xz.jpg_.webp,US $0.74,Mommy Baby Life Museum Store
Metoo Dolls 2019 NEW Angela Plush Toys Stuffed Animals Sweet Fruit Rabbit Cute Dreaming Girl Gift For Kids Children,www.aliexpress.com/item/4000156886104.html?algo_pvid=4b741810-3423-42ff-94a8-3c7b0318a786&algo_exp_id=4b741810-3423-42ff-94a8-3c7b0318a786-27&pdp_ext_f=%7B%22sku_id%22%3A%2210000000489890212%22%7D,//ae01.alicdn.com/kf/H0944b9009538452e9d1e639174f050fcw/Metoo-Dolls-2019-NEW-Angela-Plush-Toys-Stuffed-Animals-Sweet-Fruit-Rabbit-Cute-Dreaming-Girl-Gift.jpg_220x220xz.jpg_.webp,US $9.67,Shop2784166 Store
New 16 cm Doll 3D Eyes 13 Joints Can Move A Variety of Styles To Choose for Shoes Girls Fashion Dress Up Toys Childrens Gifts,www.aliexpress.com/item/1005002637273834.html?algo_pvid=4b741810-3423-42ff-94a8-3c7b0318a786&algo_exp_id=4b741810-3423-42ff-94a8-3c7b0318a786-28&pdp_ext_f=%7B%22sku_id%22%3A%2212000021505930111%22%7D,//ae01.alicdn.com/kf/Hfdc89320c441412890ba9eeacdc1c71ep/New-16-cm-Doll-3D-Eyes-13-Joints-Can-Move-A-Variety-of-Styles-To-Choose.jpg_220x220xz.jpg_.webp,US $4.46,Different childhood Store
20cm Disney Stitch Plush Dolls Toy Cartoon Stuffed Dolls Anime Plush Baby Toys Pendant Toys Best Selling Girl Kids Birthday Gift,www.aliexpress.com/item/1005001821251184.html?algo_pvid=4b741810-3423-42ff-94a8-3c7b0318a786&aem_p4p_detail=202108192200003466633746662760005111081&algo_exp_id=4b741810-3423-42ff-94a8-3c7b0318a786-29&pdp_ext_f=%7B%22sku_id%22%3A%2212000017742969576%22%7D,//ae01.alicdn.com/kf/Ha863d929fde549f89695bc5ffc4ab2f0h/20cm-Disney-Stitch-Plush-Dolls-Toy-Cartoon-Stuffed-Dolls-Anime-Plush-Baby-Toys-Pendant-Toys-Best.jpg_220x220xz.jpg_.webp,US $3.04,happys pokemons Store
New 16cm Ob11 Mini Baby Girl Lovely 13 Joint Body Cute BJD Dolls Nude Body without Makeup for Girls Toys Gifts,www.aliexpress.com/item/1005002946260208.html?algo_pvid=4b741810-3423-42ff-94a8-3c7b0318a786&algo_exp_id=4b741810-3423-42ff-94a8-3c7b0318a786-30&pdp_ext_f=%7B%22sku_id%22%3A%2212000022910582819%22%7D,//ae01.alicdn.com/kf/H1cc0a49f21644cb3a980debfe5e4345dq/New-16cm-Ob11-Mini-Baby-Girl-Lovely-13-Joint-Body-Cute-BJD-Dolls-Nude-Body-without.jpg_220x220xz.jpg_.webp,US $4.20,Gui Na Toy Store
5pcs Unpainted Matryoshka Doll DIY Blank Wooden Embryos Russian Nesting Wooden Dolls Babushka Gifts Hand Paint Doll Toys,www.aliexpress.com/item/33039698540.html?algo_pvid=4b741810-3423-42ff-94a8-3c7b0318a786&algo_exp_id=4b741810-3423-42ff-94a8-3c7b0318a786-31&pdp_ext_f=%7B%22sku_id%22%3A%2212000015949866087%22%7D,//ae01.alicdn.com/kf/HTB1GoCyQFXXXXXZXFXXq6xXFXXXU/5pcs-Unpainted-Matryoshka-Doll-DIY-Blank-Wooden-Embryos-Russian-Nesting-Wooden-Dolls-Babushka-Gifts-Hand-Paint.jpg_220x220xz.jpg_.webp,US $1.02,Missyoubaby Store
Disney Doll Cartoon Frozen Princess Anna Elsa Children's Ring Snow White Cinderella Jewelry doll Accessories gifts for girls,www.aliexpress.com/item/4001199745182.html?algo_pvid=4b741810-3423-42ff-94a8-3c7b0318a786&algo_exp_id=4b741810-3423-42ff-94a8-3c7b0318a786-32&pdp_ext_f=%7B%22sku_id%22%3A%2210000015289447447%22%7D,//ae01.alicdn.com/kf/H37e28fde2d674c25b6381e2f0abf7d0eL/Disney-Doll-Cartoon-Frozen-Princess-Anna-Elsa-Children-s-Ring-Snow-White-Cinderella-Jewelry-doll-Accessories.jpg_220x220xz.jpg_.webp,US $1.82,eGold Store
2021 New Hot Baby Dolls For Girls Baby Movable Joint African Doll Toy Black Doll Best Gift Toy Hot Sale Baby Dolls For Kids,www.aliexpress.com/item/1005003059662759.html?algo_pvid=4b741810-3423-42ff-94a8-3c7b0318a786&algo_exp_id=4b741810-3423-42ff-94a8-3c7b0318a786-33&pdp_ext_f=%7B%22sku_id%22%3A%2212000023669437504%22%7D,//ae01.alicdn.com/kf/H9f787d76ec684445843298f455a0e410M/2021-New-Hot-Baby-Dolls-For-Girls-Baby-Movable-Joint-African-Doll-Toy-Black-Doll-Best.jpg_220x220xz.jpg_.webp,US $5.04,Quality boutique Store
Ranboo Plush Doll Hot Game Figure Plush Toy Soft Stuffed Cartoon Black And White Lamb Doll Toys for Children Birthday Gift,www.aliexpress.com/item/1005003028923243.html?algo_pvid=4b741810-3423-42ff-94a8-3c7b0318a786&aem_p4p_detail=202108192200003466633746662760005111081&algo_exp_id=4b741810-3423-42ff-94a8-3c7b0318a786-34&pdp_ext_f=%7B%22sku_id%22%3A%2212000023326802650%22%7D,//ae01.alicdn.com/kf/Ha637e2d427fa4e1d8d1dec1a1c649272Z/Ranboo-Plush-Doll-Hot-Game-Figure-Plush-Toy-Soft-Stuffed-Cartoon-Black-And-White-Lamb-Doll.jpg_220x220xz.jpg_.webp,US $11.98,Super-Happy Toy Store
EIEIO BjD 16CM Doll 13 Movable Joints Casual Fashion Princess Clothes Suit Accessories Decoration Multicolor Hair Girl Gift Toy,www.aliexpress.com/item/1005002601053885.html?algo_pvid=4b741810-3423-42ff-94a8-3c7b0318a786&algo_exp_id=4b741810-3423-42ff-94a8-3c7b0318a786-35&pdp_ext_f=%7B%22sku_id%22%3A%2212000021363099519%22%7D,//ae01.alicdn.com/kf/H62e30be2af684386b5e1f7691575eefbu/EIEIO-BjD-16CM-Doll-13-Movable-Joints-Casual-Fashion-Princess-Clothes-Suit-Accessories-Decoration-Multicolor-Hair.jpg_220x220xz.jpg_.webp,US $0.21,whiteroom & EIEIO Spirit Store
1 PC 1/6 Blyth DIY Doll Factory Dolls Faceplate With Backplate 30cm Plastic Blyth No Makeup Face and Screw Toys Accessories,www.aliexpress.com/item/1005002328974710.html?algo_pvid=4b741810-3423-42ff-94a8-3c7b0318a786&algo_exp_id=4b741810-3423-42ff-94a8-3c7b0318a786-36&pdp_ext_f=%7B%22sku_id%22%3A%2212000020109731106%22%7D,//ae01.alicdn.com/kf/Hc9039ab64bdd46d6a74e28b1e09acc55W/1-PC-1-6-Blyth-DIY-Doll-Factory-Dolls-Faceplate-With-Backplate-30cm-Plastic-Blyth-No.jpg_220x220xz.jpg_.webp,US $3.46,Children's Accessories Toy Store
8cm L.O.L.SURPRISE! New lol dolls Toys Surpris Doll Generation DIY Manual Blind Box Model Doll Baby Girl Kids Gift Hot Toys,www.aliexpress.com/item/4000464564715.html?algo_pvid=4b741810-3423-42ff-94a8-3c7b0318a786&algo_exp_id=4b741810-3423-42ff-94a8-3c7b0318a786-37&pdp_ext_f=%7B%22sku_id%22%3A%2210000001877147332%22%7D,//ae01.alicdn.com/kf/Hdc24dd53b49e4ac698d94e634346d66cx/8cm-L-O-L-SURPRISE-New-lol-dolls-Toys-Surpris-Doll-Generation-DIY-Manual-Blind-Box.jpg_220x220xz.jpg_.webp,US $3.82,Shop5483208 Store
LOL Surprises Dolls Body Parts Random 1 pc Shipment Doll Accessories Girl's Toy Gift,www.aliexpress.com/item/4001244572532.html?algo_pvid=4b741810-3423-42ff-94a8-3c7b0318a786&algo_exp_id=4b741810-3423-42ff-94a8-3c7b0318a786-38&pdp_ext_f=%7B%22sku_id%22%3A%2210000015441508333%22%7D,//ae01.alicdn.com/kf/H93b76fc74a254ccd80be4df926bac8a1X/LOL-Surprises-Dolls-Body-Parts-Random-1-pc-Shipment-Doll-Accessories-Girl-s-Toy-Gift.jpg_220x220xz.jpg_.webp,US $1.87,Profession Toy Store
14 Style 15-18cm Demon Slayer Ghost Doll with box Tanjiro Nidouzi Inosuke Zenizu Figure Action Figure Movie Model Toys Doll,www.aliexpress.com/item/1005002915439830.html?algo_pvid=4b741810-3423-42ff-94a8-3c7b0318a786&aem_p4p_detail=202108192200003466633746662760005111081&algo_exp_id=4b741810-3423-42ff-94a8-3c7b0318a786-39&pdp_ext_f=%7B%22sku_id%22%3A%2212000023257203806%22%7D,//ae01.alicdn.com/kf/H7a6632038e474b0292eadb9466e36a5dC/14-Style-15-18cm-Demon-Slayer-Ghost-Doll-with-box-Tanjiro-Nidouzi-Inosuke-Zenizu-Figure-Action.jpg_220x220xz.jpg_.webp,US $10.32,Shop911614247 Store
1pcs Play House 12cm Cry Doll Toy Drinking Water Crying Baby Girl Children Girls Birthday Gift Vinyl Mini Doll Toys,www.aliexpress.com/item/1005002929065804.html?algo_pvid=4b741810-3423-42ff-94a8-3c7b0318a786&algo_exp_id=4b741810-3423-42ff-94a8-3c7b0318a786-40&pdp_ext_f=%7B%22sku_id%22%3A%2212000022848770752%22%7D,//ae01.alicdn.com/kf/H543b316f10354068a6b96786daca59ads/1pcs-Play-House-12cm-Cry-Doll-Toy-Drinking-Water-Crying-Baby-Girl-Children-Girls-Birthday-Gift.png_220x220xz.png_.webp,US $2.46,KUAILE BABY Store
2.5inch Height B2020 Activity Doll Figure Toy,www.aliexpress.com/item/1005001617901818.html?algo_pvid=4b741810-3423-42ff-94a8-3c7b0318a786&algo_exp_id=4b741810-3423-42ff-94a8-3c7b0318a786-41&pdp_ext_f=%7B%22sku_id%22%3A%2212000017232505113%22%7D,//ae01.alicdn.com/kf/H7c916fb8df214c1c889ba7e61fecbe94N/2-5inch-Height-B2020-Activity-Doll-Figure-Toy.jpg_220x220xz.jpg_.webp,US $2.03,Toyshop Store
6PCS Cute Fashion Kids Plush Dolls Keychain Soft Stuffed Toys Keyring Mini Plush Animals Key Chain Baby For Girls Women,www.aliexpress.com/item/4001032355007.html?algo_pvid=4b741810-3423-42ff-94a8-3c7b0318a786&algo_exp_id=4b741810-3423-42ff-94a8-3c7b0318a786-42&pdp_ext_f=%7B%22sku_id%22%3A%2210000013615863106%22%7D,//ae01.alicdn.com/kf/Hba4cc7f534144fff86475f9d8733dd1dH/6PCS-Cute-Fashion-Kids-Plush-Dolls-Keychain-Soft-Stuffed-Toys-Keyring-Mini-Plush-Animals-Key-Chain.jpg_220x220xz.jpg_.webp,US $1.80,Ali-Jetting Toy Store
2020 NEW Kids Toys Soft Interactive Baby Dolls Toy Mini Doll 8 CM For Girls,www.aliexpress.com/item/4001259596349.html?algo_pvid=4b741810-3423-42ff-94a8-3c7b0318a786&algo_exp_id=4b741810-3423-42ff-94a8-3c7b0318a786-43&pdp_ext_f=%7B%22sku_id%22%3A%2210000015497624003%22%7D,//ae01.alicdn.com/kf/H3974617881e24b7fb641f51c97ce5e08h/2020-NEW-Kids-Toys-Soft-Interactive-Baby-Dolls-Toy-Mini-Doll-8-CM-For-Girls.jpg_220x220xz.jpg_.webp,US $0.39,Retracing The Childhood Store
Lovely Talking Toy Dancing Cactus Doll Speak Talk Sound Record Repeat Toy Kawaii Cactus Toys Children Kids Education Toy Gift,www.aliexpress.com/item/1005002739558731.html?algo_pvid=4b741810-3423-42ff-94a8-3c7b0318a786&aem_p4p_detail=202108192200003466633746662760005111081&algo_exp_id=4b741810-3423-42ff-94a8-3c7b0318a786-44&pdp_ext_f=%7B%22sku_id%22%3A%2212000021925231792%22%7D,//ae01.alicdn.com/kf/Hd6b1862b8727464db33f66768842d05e9/Lovely-Talking-Toy-Dancing-Cactus-Doll-Speak-Talk-Sound-Record-Repeat-Toy-Kawaii-Cactus-Toys-Children.jpg_220x220xz.jpg_.webp,US $12.69,AAHeng& Zhi Store
Genuine LOL Surprise Dolls Original Blind Bag Action Figure Model Cartoon Toys for Girls Birthday Surprises Gifts Random Sent,www.aliexpress.com/item/1005001940878245.html?algo_pvid=4b741810-3423-42ff-94a8-3c7b0318a786&algo_exp_id=4b741810-3423-42ff-94a8-3c7b0318a786-45&pdp_ext_f=%7B%22sku_id%22%3A%2212000018170358423%22%7D,//ae01.alicdn.com/kf/Hbffa94aae7264915a01b13336a7b4ea5W/Genuine-LOL-Surprise-Dolls-Original-Blind-Bag-Action-Figure-Model-Cartoon-Toys-for-Girls-Birthday-Surprises.jpg_220x220xz.jpg_.webp,US $2.35,Child Patrol Fun Toy Store
5-10pcs No Repeats Miniature Shopkines Fruit Dolls Action Figures for Family Kids Christmas Gift Playing Toys Mixed Seasons,www.aliexpress.com/item/1005002774697920.html?algo_pvid=4b741810-3423-42ff-94a8-3c7b0318a786&algo_exp_id=4b741810-3423-42ff-94a8-3c7b0318a786-46&pdp_ext_f=%7B%22sku_id%22%3A%2212000022126190542%22%7D,//ae01.alicdn.com/kf/H2f8f0e790cb6419e8a13b64cd106bfe4Q/5-10pcs-No-Repeats-Miniature-Shopkines-Fruit-Dolls-Action-Figures-for-Family-Kids-Christmas-Gift-Playing.jpg_220x220xz.jpg_.webp,US $2.64,baby girl toy Store
New 16 cm BJD Doll 3D Eyes 1/12 Mini Princess Cute Doll 13 Joints Movable Dress Pants Set Fashion Girl Toys Children Gifts Shoes,www.aliexpress.com/item/1005002687856784.html?algo_pvid=4b741810-3423-42ff-94a8-3c7b0318a786&algo_exp_id=4b741810-3423-42ff-94a8-3c7b0318a786-47&pdp_ext_f=%7B%22sku_id%22%3A%2212000021721037119%22%7D,//ae01.alicdn.com/kf/Haeff6115929a4737bac06af3deae9e54n/New-16-cm-BJD-Doll-3D-Eyes-1-12-Mini-Princess-Cute-Doll-13-Joints-Movable.jpg_220x220xz.jpg_.webp,US $5.56,Different childhood Store
LOL Pink Doll Projection Watch Children 24 Models Cartoon Anime Figure Pattern Boy Girl Kid Toy Electronic Product Birthday Gift,www.aliexpress.com/item/4001179977617.html?algo_pvid=4b741810-3423-42ff-94a8-3c7b0318a786&algo_exp_id=4b741810-3423-42ff-94a8-3c7b0318a786-48&pdp_ext_f=%7B%22sku_id%22%3A%2210000015059763501%22%7D,//ae01.alicdn.com/kf/H9a2e0223a7dc43aba1f0f073714e0392T/LOL-Pink-Doll-Projection-Watch-Children-24-Models-Cartoon-Anime-Figure-Pattern-Boy-Girl-Kid-Toy.jpg_220x220xz.jpg_.webp,US $4.99,patrol dogs Store
2021 Baby New Born Fit 18 inch Doll Clothes Accessories Two Piece Suit With Rabbit Pattern For Baby Birthday Gift,www.aliexpress.com/item/1005002678211583.html?algo_pvid=4b741810-3423-42ff-94a8-3c7b0318a786&aem_p4p_detail=202108192200003466633746662760005111081&algo_exp_id=4b741810-3423-42ff-94a8-3c7b0318a786-49&pdp_ext_f=%7B%22sku_id%22%3A%2212000021958957989%22%7D,//ae01.alicdn.com/kf/H0c5bb1c2e7cb49c09ee19f40bf8a54caG/2021-Baby-New-Born-Fit-18-inch-Doll-Clothes-Accessories-Two-Piece-Suit-With-Rabbit-Pattern.png_220x220xz.png_.webp,US $4.38,GuanMei DollClothes Store
New Edition 10.5cm Dolls Body 13 Movable Jointed for 1/12 BJD Doll Toy Nude Body Accessories Not Suitable for 16CM Doll Head,www.aliexpress.com/item/1005002926916491.html?algo_pvid=4b741810-3423-42ff-94a8-3c7b0318a786&algo_exp_id=4b741810-3423-42ff-94a8-3c7b0318a786-50&pdp_ext_f=%7B%22sku_id%22%3A%2212000022836778499%22%7D,//ae01.alicdn.com/kf/He9ba89a6a3b04fc2af581b050a3907654/New-Edition-10-5cm-Dolls-Body-13-Movable-Jointed-for-1-12-BJD-Doll-Toy-Nude.jpg_220x220xz.jpg_.webp,US $1.85,H-HAHA Store
2.5inch Height JUV2020 Activity Doll Figure Toy,www.aliexpress.com/item/1005001805852251.html?algo_pvid=4b741810-3423-42ff-94a8-3c7b0318a786&algo_exp_id=4b741810-3423-42ff-94a8-3c7b0318a786-51&pdp_ext_f=%7B%22sku_id%22%3A%2212000017695789590%22%7D,//ae01.alicdn.com/kf/Ha61ab7e3ed8c4827bbc24ead1f5b3336d/2-5inch-Height-JUV2020-Activity-Doll-Figure-Toy.jpg_220x220xz.jpg_.webp,US $2.03,Toyshop Store
"6.5cm Height Dolls Star POGBA FR2018 Dolls 2.5"" Figurine",www.aliexpress.com/item/4000545677619.html?algo_pvid=4b741810-3423-42ff-94a8-3c7b0318a786&algo_exp_id=4b741810-3423-42ff-94a8-3c7b0318a786-52&pdp_ext_f=%7B%22sku_id%22%3A%2210000002800638018%22%7D,//ae01.alicdn.com/kf/H93149fab58f74c99affebbf2ccfe2037X/6-5cm-Height-Dolls-Star-POGBA-FR2018-Dolls-2-5-Figurine.jpg_220x220xz.jpg_.webp,US $2.00,Model Car Store
5pcs/set 8cm Little Kelly Confused Doll Princess Cute Baby Kelly Dolls Body Toys For Girls Children Gifts K0108,www.aliexpress.com/item/4001008475533.html?algo_pvid=4b741810-3423-42ff-94a8-3c7b0318a786&algo_exp_id=4b741810-3423-42ff-94a8-3c7b0318a786-53&pdp_ext_f=%7B%22sku_id%22%3A%2210000013434202891%22%7D,//ae01.alicdn.com/kf/H8904f294da31448389a285fb5ae32640i/5pcs-set-8cm-Little-Kelly-Confused-Doll-Princess-Cute-Baby-Kelly-Dolls-Body-Toys-For-Girls.jpg_220x220xz.jpg_.webp,US $1.69,Shop2299001 Store
Flip two sided emotional Octopus children's Plush Soft gift plush animal boy girl gift doll show plush toys in different mood,www.aliexpress.com/item/1005003042689202.html?algo_pvid=4b741810-3423-42ff-94a8-3c7b0318a786&aem_p4p_detail=202108192200003466633746662760005111081&algo_exp_id=4b741810-3423-42ff-94a8-3c7b0318a786-54&pdp_ext_f=%7B%22sku_id%22%3A%2212000023410599104%22%7D,//ae01.alicdn.com/kf/H676e6635f99b48b4981e2bcfd2ea88532/Flip-two-sided-emotional-Octopus-children-s-Plush-Soft-gift-plush-animal-boy-girl-gift-doll.jpg_220x220xz.jpg_.webp,US $4.10,Decoration Outlet Store Store
1set LOL Surprise Original Cute Flash Big Sister lol Dolls Suit Accessories Girl Play House Toy Kids Birthday DIY Gifts,www.aliexpress.com/item/1005003058999067.html?algo_pvid=4b741810-3423-42ff-94a8-3c7b0318a786&algo_exp_id=4b741810-3423-42ff-94a8-3c7b0318a786-55&pdp_ext_f=%7B%22sku_id%22%3A%2212000023661068091%22%7D,//ae01.alicdn.com/kf/H7b50a4cdc27d4435a54046bae08f87b55/1set-LOL-Surprise-Original-Cute-Flash-Big-Sister-lol-Dolls-Suit-Accessories-Girl-Play-House-Toy.jpg_220x220xz.jpg_.webp,US $2.92,Childhood Dreamer Store
49cm Metoo Doll Plush Sweet Cute Lovely Stuffed Kids Toys for Girls Birthday Christmas Gift Cute Girl Keppel Baby Doll Panda,www.aliexpress.com/item/32822732268.html?algo_pvid=4b741810-3423-42ff-94a8-3c7b0318a786&algo_exp_id=4b741810-3423-42ff-94a8-3c7b0318a786-56&pdp_ext_f=%7B%22sku_id%22%3A%2264829131073%22%7D,//ae01.alicdn.com/kf/HTB1omTxSpXXXXaOXXXXq6xXFXXXZ/49cm-Metoo-Doll-Plush-Sweet-Cute-Lovely-Stuffed-Kids-Toys-for-Girls-Birthday-Christmas-Gift-Cute.jpg_220x220xz.jpg_.webp,US $10.89,Love Love children baby store
Fashion Water Fun Swimming Pool For Waterproof Lifelike Electric Doll Baby Dolls Toy For Children Birthday Gift,www.aliexpress.com/item/1005002519274703.html?algo_pvid=4b741810-3423-42ff-94a8-3c7b0318a786&algo_exp_id=4b741810-3423-42ff-94a8-3c7b0318a786-57&pdp_ext_f=%7B%22sku_id%22%3A%2212000021702947407%22%7D,//ae01.alicdn.com/kf/H3d044cdb42b4475e846fbda143336706z/Fashion-Water-Fun-Swimming-Pool-For-Waterproof-Lifelike-Electric-Doll-Baby-Dolls-Toy-For-Children-Birthday.jpg_220x220xz.jpg_.webp,US $4.08,Metree Store
BJD Doll Dimple Smile 13 Moveable Jointed 16cm Surprise Blyth Dolls Toys Baby Naked Nude Women Body Dolls for Girls Gift Toy,www.aliexpress.com/item/4001295337016.html?algo_pvid=4b741810-3423-42ff-94a8-3c7b0318a786&algo_exp_id=4b741810-3423-42ff-94a8-3c7b0318a786-58&pdp_ext_f=%7B%22sku_id%22%3A%2212000015518685651%22%7D,//ae01.alicdn.com/kf/Hdd504da5407543ffa4aea5a681ecd5ffh/BJD-Doll-Dimple-Smile-13-Moveable-Jointed-16cm-Surprise-Blyth-Dolls-Toys-Baby-Naked-Nude-Women.jpg_220x220xz.jpg_.webp,US $1.00,Tupursum Store
Original Anime Emma Secret Forest Figurines Blind Box Action Figure Toys Kawaii Desktop Model Birthday Gift Doll Collection,www.aliexpress.com/item/1005003023772268.html?algo_pvid=4b741810-3423-42ff-94a8-3c7b0318a786&aem_p4p_detail=202108192200003466633746662760005111081&algo_exp_id=4b741810-3423-42ff-94a8-3c7b0318a786-59&pdp_ext_f=%7B%22sku_id%22%3A%2212000023737579125%22%7D,//ae01.alicdn.com/kf/Hab859bd4b3fb4f0aa2c5b0a717e1bb29Q/Original-Anime-Emma-Secret-Forest-Figurines-Blind-Box-Action-Figure-Toys-Kawaii-Desktop-Model-Birthday-Gift.jpg_220x220xz.jpg_.webp,US $9.29,RARBRL Store
