category,product_id,product_name,product_url,image_url,price,store
birds,1,Pretty&Better Parrot Perch Shower Pet Bird Bath Cage Basin Parrot Bath Basin Parrot Shower Bowl Birds Accessories Parrot Toy,www.aliexpress.com/item/4001168887345.html?algo_pvid=aab3a23c-ab0e-4e1e-856b-ac449f3b5e7a&algo_exp_id=aab3a23c-ab0e-4e1e-856b-ac449f3b5e7a-0&pdp_ext_f=%7B%22sku_id%22%3A%2210000015014052795%22%7D,//ae01.alicdn.com/kf/He9fdda955a2f4e27acb9e323656bbc01y/Pretty-Better-Parrot-Perch-Shower-Pet-Bird-Bath-Cage-Basin-Parrot-Bath-Basin-Parrot-Shower-Bowl.jpg_220x220xz.jpg_.webp,US $19.59,PrettyPet Store
birds,2,Pet Parrot Chewing Toys Wooden Hanging Cage Toys for Parrots Bird Funny Hanging Standing Toy Pet Training Toy Bird Accessories,www.aliexpress.com/item/32959397071.html?algo_pvid=aab3a23c-ab0e-4e1e-856b-ac449f3b5e7a&algo_exp_id=aab3a23c-ab0e-4e1e-856b-ac449f3b5e7a-1&pdp_ext_f=%7B%22sku_id%22%3A%2266543796871%22%7D,//ae01.alicdn.com/kf/H85acbf8a9bf04f95a359fea13abdf303H/Pet-Parrot-Chewing-Toys-Wooden-Hanging-Cage-Toys-for-Parrots-Bird-Funny-Hanging-Standing-Toy-Pet.jpg_220x220xz.jpg_.webp,US $6.02,GlobeSuper Shopping Store
birds,3,Cute Pet Toys Hamster Parrot Steps Stairs Bird Swing Climbing Ladder Wooden Colorful Hanging Ladder Rainbow Suspension Bridge,www.aliexpress.com/item/32971757048.html?algo_pvid=aab3a23c-ab0e-4e1e-856b-ac449f3b5e7a&algo_exp_id=aab3a23c-ab0e-4e1e-856b-ac449f3b5e7a-2&pdp_ext_f=%7B%22sku_id%22%3A%2212000021083711682%22%7D,//ae01.alicdn.com/kf/Hc486545cdd384d4086b9b7b9c3c81a2dd/Cute-Pet-Toys-Hamster-Parrot-Steps-Stairs-Bird-Swing-Climbing-Ladder-Wooden-Colorful-Hanging-Ladder-Rainbow.jpg_220x220xz.jpg_.webp,US $3.88,Global Life Steward Store
birds,4,10 Pack Bird Cage Toys for Parrots Reliable & Chewable - Swing Hanging Chewing Bite Bridge Wooden Beads Ball Bell Toys (in stock,www.aliexpress.com/item/1005001287274246.html?algo_pvid=aab3a23c-ab0e-4e1e-856b-ac449f3b5e7a&algo_exp_id=aab3a23c-ab0e-4e1e-856b-ac449f3b5e7a-3&pdp_ext_f=%7B%22sku_id%22%3A%2212000015580345516%22%7D,//ae01.alicdn.com/kf/Hd6a7633591b743b0b9ba449e6e50447fK/10-Pack-Bird-Cage-Toys-for-Parrots-Reliable-Chewable-Swing-Hanging-Chewing-Bite-Bridge-Wooden-Beads.jpg_220x220xz.jpg_.webp,US $18.07,hanan life Store
birds,5,Realistic Bird Scarer Plastic Owl Scarecrow with Rotating Head and Sound for Garden Yard Bird Repellent Outdoor Pest Control,www.aliexpress.com/item/1005002458798723.html?algo_pvid=aab3a23c-ab0e-4e1e-856b-ac449f3b5e7a&aem_p4p_detail=20210820030756330719246545710005905954&algo_exp_id=aab3a23c-ab0e-4e1e-856b-ac449f3b5e7a-4&pdp_ext_f=%7B%22sku_id%22%3A%2212000020962240915%22%7D,//ae01.alicdn.com/kf/H77a7200816864b6d9e871a227307d745t/Realistic-Bird-Scarer-Plastic-Owl-Scarecrow-with-Rotating-Head-and-Sound-for-Garden-Yard-Bird-Repellent.jpg_220x220xz.jpg_.webp,US $18.89,PESTS CONTROL Store
birds,6,Portable Clear Bird Cage Lightweight PVC Breathable Bird Parrots Cage Airy Travel Bag Easy Cleaning Pet Supply,www.aliexpress.com/item/33058863464.html?algo_pvid=aab3a23c-ab0e-4e1e-856b-ac449f3b5e7a&algo_exp_id=aab3a23c-ab0e-4e1e-856b-ac449f3b5e7a-5&pdp_ext_f=%7B%22sku_id%22%3A%2212000015620509233%22%7D,//ae01.alicdn.com/kf/Hd20f41546ec8453d9019303b66d0717cU/Portable-Clear-Bird-Cage-Lightweight-PVC-Breathable-Bird-Parrots-Cage-Airy-Travel-Bag-Easy-Cleaning-Pet.jpg_220x220xz.jpg_.webp,US $36.48,Shopping Enjoyment Store
birds,7,S M European style decorative bird cage / window ornaments / white photography props / hotel wedding cage,www.aliexpress.com/item/4001268963760.html?algo_pvid=aab3a23c-ab0e-4e1e-856b-ac449f3b5e7a&algo_exp_id=aab3a23c-ab0e-4e1e-856b-ac449f3b5e7a-6&pdp_ext_f=%7B%22sku_id%22%3A%2210000015535306091%22%7D,//ae01.alicdn.com/kf/H83cc9ff9c9ea4a5a914c3597d58a88c8y/S-M-European-style-decorative-bird-cage-window-ornaments-white-photography-props-hotel-wedding-cage.jpg_220x220xz.jpg_.webp,US $28.80,Surelife Store
birds,8,100Pcs Inner 2.7mm 3mm 4mm 4.5mm 5mm Bird Dove Pigeon Parrot Leg Rings Small Birds Foot Rings Bird Clip Ring,www.aliexpress.com/item/32812258732.html?algo_pvid=aab3a23c-ab0e-4e1e-856b-ac449f3b5e7a&algo_exp_id=aab3a23c-ab0e-4e1e-856b-ac449f3b5e7a-7&pdp_ext_f=%7B%22sku_id%22%3A%2264669060863%22%7D,//ae01.alicdn.com/kf/HTB1r2k7RXXXXXa7XXXXq6xXFXXXy/100Pcs-Inner-2-7mm-3mm-4mm-4-5mm-5mm-Bird-Dove-Pigeon-Parrot-Leg-Rings-Small.jpg_220x220xz.jpg_.webp,US $11.83,Animal Mall
birds,9,Hot Sale Anti-bite Flying Training Rope Parrot Bird Pet Leash Kits Ultralight Harness Leash Soft Portable Pet Playthings,www.aliexpress.com/item/4000032740114.html?algo_pvid=aab3a23c-ab0e-4e1e-856b-ac449f3b5e7a&algo_exp_id=aab3a23c-ab0e-4e1e-856b-ac449f3b5e7a-8&pdp_ext_f=%7B%22sku_id%22%3A%2210000013201906158%22%7D,//ae01.alicdn.com/kf/HTB1STT7bXP7gK0jSZFjq6A5aXXa2/Hot-Sale-Anti-bite-Flying-Training-Rope-Parrot-Bird-Pet-Leash-Kits-Ultralight-Harness-Leash-Soft.jpg_220x220xz.jpg_.webp,US $0.09,Youry Life Store
birds,10,CAITEC Parrot Spill Proof Feed Box Bird Food Box Parrot Food Container Bite Resistant Suitable for Small Birds Small Parrot,www.aliexpress.com/item/32829761998.html?algo_pvid=aab3a23c-ab0e-4e1e-856b-ac449f3b5e7a&aem_p4p_detail=20210820030756330719246545710005905954&algo_exp_id=aab3a23c-ab0e-4e1e-856b-ac449f3b5e7a-9&pdp_ext_f=%7B%22sku_id%22%3A%2265098432367%22%7D,//ae01.alicdn.com/kf/H25067844525f4d08a7387e19c6a7bd51H/CAITEC-Parrot-Spill-Proof-Feed-Box-Bird-Food-Box-Parrot-Food-Container-Bite-Resistant-Suitable-for.jpg_220x220xz.jpg_.webp,US $24.05,CAITEC Official Store
birds,11,Yonntech Multifunctional Convenient Bird Cage Nest Hanging for Pigeon Parrot Mynah Birdcage la jaula volière,www.aliexpress.com/item/4000330151929.html?algo_pvid=aab3a23c-ab0e-4e1e-856b-ac449f3b5e7a&algo_exp_id=aab3a23c-ab0e-4e1e-856b-ac449f3b5e7a-10&pdp_ext_f=%7B%22sku_id%22%3A%2212000016668385466%22%7D,//ae01.alicdn.com/kf/H1e9b6c19b2324c40b9178c77e22859ecN/Yonntech-Multifunctional-Convenient-Bird-Cage-Nest-Hanging-for-Pigeon-Parrot-Mynah-Birdcage-la-jaula-volière.jpg_220x220xz.jpg_.webp,US $58.53,Yonntech Official Store
birds,12,Home 3 Colors Soft Airy Fabric Mesh Bird Cage Cover Shell Skirt Seed Catcher Guard Easy Cleaning Nests,www.aliexpress.com/item/1005001483187011.html?algo_pvid=aab3a23c-ab0e-4e1e-856b-ac449f3b5e7a&algo_exp_id=aab3a23c-ab0e-4e1e-856b-ac449f3b5e7a-11&pdp_ext_f=%7B%22sku_id%22%3A%2212000016292467339%22%7D,//ae01.alicdn.com/kf/H28d96d608223490a92a6c3f95dccfbdfG/Home-3-Colors-Soft-Airy-Fabric-Mesh-Bird-Cage-Cover-Shell-Skirt-Seed-Catcher-Guard-Easy.jpg_220x220xz.jpg_.webp,US $0.01,Goit Store
birds,13,"100 Pcs / lot Bird clip ring 2.7mm 3mm 4mm 4.5mm 5mm Plastic foot rings Colorful birds, Acacia birds pigeon All kinds of bird fo",www.aliexpress.com/item/32812114183.html?algo_pvid=aab3a23c-ab0e-4e1e-856b-ac449f3b5e7a&algo_exp_id=aab3a23c-ab0e-4e1e-856b-ac449f3b5e7a-12&pdp_ext_f=%7B%22sku_id%22%3A%2264578454683%22%7D,//ae01.alicdn.com/kf/HTB1gOz7RXXXXXa3aXXXq6xXFXXXE/100-Pcs-lot-Bird-clip-ring-2-7mm-3mm-4mm-4-5mm-5mm-Plastic-foot-rings.jpg_220x220xz.jpg_.webp,US $12.38,Adhere To Fly HappyFarm Store
birds,14,Adjustable Bird Parrot Harness Leash Kit Outdoor Flying Training Rope With Wings for Small Medium Birds Cockatiel Macaw Budgie,www.aliexpress.com/item/1005001824787591.html?algo_pvid=aab3a23c-ab0e-4e1e-856b-ac449f3b5e7a&algo_exp_id=aab3a23c-ab0e-4e1e-856b-ac449f3b5e7a-13&pdp_ext_f=%7B%22sku_id%22%3A%2212000017751178386%22%7D,//ae01.alicdn.com/kf/H47177e128ed046be8ffe9958d65f1fd9L/Adjustable-Bird-Parrot-Harness-Leash-Kit-Outdoor-Flying-Training-Rope-With-Wings-for-Small-Medium-Birds.jpg_220x220xz.jpg_.webp,US $4.44,Hoopreety Store
birds,15,Animal Repeller Solar Rechargeable Dog Cat Deterrent with PIR Motion Sensor Bird Pigeon Squirrel Scarer for Garden Pest Control,www.aliexpress.com/item/1005001493570019.html?algo_pvid=aab3a23c-ab0e-4e1e-856b-ac449f3b5e7a&aem_p4p_detail=20210820030756330719246545710005905954&algo_exp_id=aab3a23c-ab0e-4e1e-856b-ac449f3b5e7a-14&pdp_ext_f=%7B%22sku_id%22%3A%2212000016335893984%22%7D,//ae01.alicdn.com/kf/H23aebc405c62478eb94d5ae912dce56dt/Animal-Repeller-Solar-Rechargeable-Dog-Cat-Deterrent-with-PIR-Motion-Sensor-Bird-Pigeon-Squirrel-Scarer-for.jpg_220x220xz.jpg_.webp,US $26.22,SAIJZEK Official Store
birds,16,Pet Anti-scratch Shoulder Protector Hang Bird Anklet Toys Multifunctional Pet Diaper Bird Training Shawl for Parakeets Macaws,www.aliexpress.com/item/4000386721304.html?algo_pvid=aab3a23c-ab0e-4e1e-856b-ac449f3b5e7a&algo_exp_id=aab3a23c-ab0e-4e1e-856b-ac449f3b5e7a-15&pdp_ext_f=%7B%22sku_id%22%3A%2210000001580801850%22%7D,//ae01.alicdn.com/kf/Ha810dd6b1f244320bc2302d65d1ad13am/Pet-Anti-scratch-Shoulder-Protector-Hang-Bird-Anklet-Toys-Multifunctional-Pet-Diaper-Bird-Training-Shawl-for.jpg_220x220xz.jpg_.webp,US $12.35,Lovelypuppy Store
birds,17,1Set Of Training Pet Bird Toy Set Interactive Parrot Equipment Set Funny Bird Activity Parrot Toy Pet Bird Basketball Skateboard,www.aliexpress.com/item/1005001586812117.html?algo_pvid=aab3a23c-ab0e-4e1e-856b-ac449f3b5e7a&algo_exp_id=aab3a23c-ab0e-4e1e-856b-ac449f3b5e7a-16&pdp_ext_f=%7B%22sku_id%22%3A%2212000016694672598%22%7D,//ae01.alicdn.com/kf/H1ba068e139ca419f80a83e9b51324d84p/1Set-Of-Training-Pet-Bird-Toy-Set-Interactive-Parrot-Equipment-Set-Funny-Bird-Activity-Parrot-Toy.jpg_220x220xz.jpg_.webp,US $13.82,LYPets Store
birds,18,Cute 7PCS/Set Parrot Birds Toy Kit Swing Hanging Bells Wooden Bridge Accessories Bird Toy Standing Training Pet Tool,www.aliexpress.com/item/4000113852753.html?algo_pvid=aab3a23c-ab0e-4e1e-856b-ac449f3b5e7a&algo_exp_id=aab3a23c-ab0e-4e1e-856b-ac449f3b5e7a-17&pdp_ext_f=%7B%22sku_id%22%3A%2210000012671912346%22%7D,//ae01.alicdn.com/kf/Hfa73c4651f514153b9d662e30a951d176/Cute-7PCS-Set-Parrot-Birds-Toy-Kit-Swing-Hanging-Bells-Wooden-Bridge-Accessories-Bird-Toy-Standing.jpg_220x220xz.jpg_.webp,US $11.11,Happy-Planet Store
birds,19,bird cage hanging Modern iron wrought metal birdcage white Sets decoration hanging flowerpot succulent plants,www.aliexpress.com/item/4000043754835.html?algo_pvid=aab3a23c-ab0e-4e1e-856b-ac449f3b5e7a&algo_exp_id=aab3a23c-ab0e-4e1e-856b-ac449f3b5e7a-18&pdp_ext_f=%7B%22sku_id%22%3A%2210000000099054478%22%7D,//ae01.alicdn.com/kf/H2324d674536c4ce4a937168929597bb2p/bird-cage-hanging-Modern-iron-wrought-metal-birdcage-white-Sets-decoration-hanging-flowerpot-succulent-plants.jpg_220x220xz.jpg_.webp,US $45.25,Little Light Store
birds,20,1PC Natural Wooden Parrots Swing Toy Birds Colorful Beads Bird Supplies Bells Toys Perch Hanging Swings Cage for Pets,www.aliexpress.com/item/1005001715373915.html?algo_pvid=aab3a23c-ab0e-4e1e-856b-ac449f3b5e7a&aem_p4p_detail=20210820030756330719246545710005905954&algo_exp_id=aab3a23c-ab0e-4e1e-856b-ac449f3b5e7a-19&pdp_ext_f=%7B%22sku_id%22%3A%2212000017298677927%22%7D,//ae01.alicdn.com/kf/Hd36d63f6188343b7905f418ada2c7f591/1PC-Natural-Wooden-Parrots-Swing-Toy-Birds-Colorful-Beads-Bird-Supplies-Bells-Toys-Perch-Hanging-Swings.jpg_220x220xz.jpg_.webp,US $0.01,Pets Product supplier Store
birds,21,High Quality Roof Type With 4 Casters Large Bird Cage Breeding Pigeon Cage Parrot Cage For Budgie Aviary Canary Bird Cage HWC,www.aliexpress.com/item/1005002293828988.html?algo_pvid=aab3a23c-ab0e-4e1e-856b-ac449f3b5e7a&algo_exp_id=aab3a23c-ab0e-4e1e-856b-ac449f3b5e7a-20&pdp_ext_f=%7B%22sku_id%22%3A%2212000019951557213%22%7D,//ae01.alicdn.com/kf/Hf5e2655f3ef94959a2275c4a41907715a/High-Quality-Roof-Type-With-4-Casters-Large-Bird-Cage-Breeding-Pigeon-Cage-Parrot-Cage-For.jpg_220x220xz.jpg_.webp,US $82.27,826 Age of enjoyment Dropshipping Store
birds,22,Iron Bird Parrot Cage Play Top Macaw Cockatoo Parakeet Conure Finch Cage + Stainless Steel Bowl & Lockable Wheels Bird Home,www.aliexpress.com/item/4000424748869.html?algo_pvid=aab3a23c-ab0e-4e1e-856b-ac449f3b5e7a&algo_exp_id=aab3a23c-ab0e-4e1e-856b-ac449f3b5e7a-21&pdp_ext_f=%7B%22sku_id%22%3A%2210000012965157870%22%7D,//ae01.alicdn.com/kf/H9307b0a2ec6540f9b9904b34d7823857k/Iron-Bird-Parrot-Cage-Play-Top-Macaw-Cockatoo-Parakeet-Conure-Finch-Cage-Stainless-Steel-Bowl-Lockable.jpg_220x220xz.jpg_.webp,US $90.52,Dreamhouse life Store
birds,23,Automatic Bird Bath Tub with Faucet Pet Parrots Fountains SPA Pool Cleaning Tool Safe Play House Kitchen Sink Birds Toy Multipur,www.aliexpress.com/item/1005001338807044.html?algo_pvid=aab3a23c-ab0e-4e1e-856b-ac449f3b5e7a&algo_exp_id=aab3a23c-ab0e-4e1e-856b-ac449f3b5e7a-22&pdp_ext_f=%7B%22sku_id%22%3A%2212000020076978833%22%7D,//ae01.alicdn.com/kf/Hbc2262b495ec4d39b23836e7f619de89t/Automatic-Bird-Bath-Tub-with-Faucet-Pet-Parrots-Fountains-SPA-Pool-Cleaning-Tool-Safe-Play-House.jpg_220x220xz.jpg_.webp,US $12.81,SBT HomeTools Store
birds,24,Parrot Shower Bird Bathtub for Calopsita Parakeet Toys Swimming Pool Agapornis Birds Cages Bath Basin Faucet Parrots Accessories,www.aliexpress.com/item/1005002919178214.html?algo_pvid=aab3a23c-ab0e-4e1e-856b-ac449f3b5e7a&algo_exp_id=aab3a23c-ab0e-4e1e-856b-ac449f3b5e7a-23&pdp_ext_f=%7B%22sku_id%22%3A%2212000022790231306%22%7D,//ae01.alicdn.com/kf/Hf5802ebd7fa14d3aa154fc059ea4d6e6u/Parrot-Shower-Bird-Bathtub-for-Calopsita-Parakeet-Toys-Swimming-Pool-Agapornis-Birds-Cages-Bath-Basin-Faucet.jpg_220x220xz.jpg_.webp,US $15.06,520MAO Store
birds,25,1/5/10 Pcs Green Double Bird Drinking Cups with Screw Automatic Parrots Brids Pigeon Dove Canary Drinker Bowl Watering Equipment,www.aliexpress.com/item/1005002110945984.html?algo_pvid=aab3a23c-ab0e-4e1e-856b-ac449f3b5e7a&aem_p4p_detail=20210820030756330719246545710005905954&algo_exp_id=aab3a23c-ab0e-4e1e-856b-ac449f3b5e7a-24&pdp_ext_f=%7B%22sku_id%22%3A%2212000018775497944%22%7D,//ae01.alicdn.com/kf/He5759f3d62234867954e3eeba9347ca2R/1-5-10-Pcs-Green-Double-Bird-Drinking-Cups-with-Screw-Automatic-Parrots-Brids-Pigeon-Dove.jpg_220x220xz.jpg_.webp,US $0.97,MODUODUO Official Store
birds,26,Bird Protective Bead Parrot Collar Anti Feather Picking Ring Anti-Plucking Anti-Grab Collars Collar For Rodents Bird,www.aliexpress.com/item/4001050890227.html?algo_pvid=aab3a23c-ab0e-4e1e-856b-ac449f3b5e7a&algo_exp_id=aab3a23c-ab0e-4e1e-856b-ac449f3b5e7a-25&pdp_ext_f=%7B%22sku_id%22%3A%2210000013765021428%22%7D,//ae01.alicdn.com/kf/H7ce1ee444e554f5fb0e6d7ac78daf26aa/Bird-Protective-Bead-Parrot-Collar-Anti-Feather-Picking-Ring-Anti-Plucking-Anti-Grab-Collars-Collar-For.jpg_220x220xz.jpg_.webp,US $9.54,International Home Store
birds,27,Parrot Playstands with Cup Toys Tray Bird Swing Climbing Hanging Ladder Bridge Wood Cockatiel Playground Bird Perches 40x23x36Cm,www.aliexpress.com/item/1005001456057618.html?algo_pvid=aab3a23c-ab0e-4e1e-856b-ac449f3b5e7a&algo_exp_id=aab3a23c-ab0e-4e1e-856b-ac449f3b5e7a-26&pdp_ext_f=%7B%22sku_id%22%3A%2212000016188161512%22%7D,//ae01.alicdn.com/kf/H71366862cfa14ecaa962c9a71274a803p/Parrot-Playstands-with-Cup-Toys-Tray-Bird-Swing-Climbing-Hanging-Ladder-Bridge-Wood-Cockatiel-Playground-Bird.jpg_220x220xz.jpg_.webp,US $22.34,Shop5877535 Store
birds,28,Bird Toy Set For Parrot Shredder Foraging Assorted Hanging Cage Bird Chewing Rack Toys Pet Molar Pastime Parrot Toy,www.aliexpress.com/item/4000251830715.html?algo_pvid=aab3a23c-ab0e-4e1e-856b-ac449f3b5e7a&algo_exp_id=aab3a23c-ab0e-4e1e-856b-ac449f3b5e7a-27&pdp_ext_f=%7B%22sku_id%22%3A%2212000017792186045%22%7D,//ae01.alicdn.com/kf/H00474e310afe4561a8b2c07e3a5a408aS/Bird-Toy-Set-For-Parrot-Shredder-Foraging-Assorted-Hanging-Cage-Bird-Chewing-Rack-Toys-Pet-Molar.jpg_220x220xz.jpg_.webp,US $0.01,D-Dreaming Store
birds,29,Large Parrot Chewing Toy - Bird Parrot Blocks Knots Tearing Toy Bird Cage Bite Toy For African Grey Macaws Cockatoos,www.aliexpress.com/item/4001274986621.html?algo_pvid=aab3a23c-ab0e-4e1e-856b-ac449f3b5e7a&algo_exp_id=aab3a23c-ab0e-4e1e-856b-ac449f3b5e7a-28&pdp_ext_f=%7B%22sku_id%22%3A%2210000015564683070%22%7D,//ae01.alicdn.com/kf/H5c7373d15bb4445c888b2c7c569ed7aa8/Large-Parrot-Chewing-Toy-Bird-Parrot-Blocks-Knots-Tearing-Toy-Bird-Cage-Bite-Toy-For-African.jpg_220x220xz.jpg_.webp,US $13.62,Perfet Pets Store
birds,30,Solar Fountain Garden Decoration Outdoor Pond Fountain Decorative Water Fountain Bird Bath Solar Powered Fountain Floating Water,www.aliexpress.com/item/1005002560609507.html?algo_pvid=aab3a23c-ab0e-4e1e-856b-ac449f3b5e7a&aem_p4p_detail=20210820030756330719246545710005905954&algo_exp_id=aab3a23c-ab0e-4e1e-856b-ac449f3b5e7a-29&pdp_ext_f=%7B%22sku_id%22%3A%2212000021151482740%22%7D,//ae01.alicdn.com/kf/Hab86c3c5a1c84915acd0dbe1c20cbd06Z/Solar-Fountain-Garden-Decoration-Outdoor-Pond-Fountain-Decorative-Water-Fountain-Bird-Bath-Solar-Powered-Fountain-Floating.png_220x220xz.png_.webp,US $12.25,WINTER TRADING Store
birds,31,PipiFren Parrots Toys And Bird Accessories For Pet Toy Swing Stand Budgie Parakeet Cage African Grey vogel speelgoed parkiet,www.aliexpress.com/item/33013982870.html?algo_pvid=aab3a23c-ab0e-4e1e-856b-ac449f3b5e7a&algo_exp_id=aab3a23c-ab0e-4e1e-856b-ac449f3b5e7a-30&pdp_ext_f=%7B%22sku_id%22%3A%2267486563198%22%7D,//ae01.alicdn.com/kf/H0a73bf0104754f9d8063673543c0f90bT/PipiFren-Parrots-Toys-And-Bird-Accessories-For-Pet-Toy-Swing-Stand-Budgie-Parakeet-Cage-African-Grey.jpg_220x220xz.jpg_.webp,US $0.01,PipiFren Store
birds,32,2020 Pet New Bird Toys Hanging Multicolor Rope Toys Type For Rope Bungee Bird Toy Calopsita Parrot Accessories Birds Для Попугая,www.aliexpress.com/item/4000174705217.html?algo_pvid=aab3a23c-ab0e-4e1e-856b-ac449f3b5e7a&algo_exp_id=aab3a23c-ab0e-4e1e-856b-ac449f3b5e7a-31&pdp_ext_f=%7B%22sku_id%22%3A%2210000000608986849%22%7D,//ae01.alicdn.com/kf/Hf3b06502ff1447c6908a7bd48ab3c5199/2020-Pet-New-Bird-Toys-Hanging-Multicolor-Rope-Toys-Type-For-Rope-Bungee-Bird-Toy-Calopsita.jpg_220x220xz.jpg_.webp,US $15.29,"Shenzhen Super Deal Co,.Ltd"
birds,33,8Pcs/Set Bird Parrot Toys Wooden Hanging Swing Hammock Climbing Ladders Perches Toy Parakeet Cockatiels Bird Cage Supplies C42,www.aliexpress.com/item/4000956132397.html?algo_pvid=aab3a23c-ab0e-4e1e-856b-ac449f3b5e7a&algo_exp_id=aab3a23c-ab0e-4e1e-856b-ac449f3b5e7a-32&pdp_ext_f=%7B%22sku_id%22%3A%2210000012536043135%22%7D,//ae01.alicdn.com/kf/Hf3230f16732148d3b501121f30f2fdbek/8Pcs-Set-Bird-Parrot-Toys-Wooden-Hanging-Swing-Hammock-Climbing-Ladders-Perches-Toy-Parakeet-Cockatiels-Bird.jpg_220x220xz.jpg_.webp,US $9.09,My Playlife Store
birds,34,10/20 Pcs Dove Rest Stand Pigeon Perches Roost Frame Shelf Bird Supplies Grill Dwelling Stand For Pigeon Dove 20*10*12cm,www.aliexpress.com/item/4000216884823.html?algo_pvid=aab3a23c-ab0e-4e1e-856b-ac449f3b5e7a&algo_exp_id=aab3a23c-ab0e-4e1e-856b-ac449f3b5e7a-33&pdp_ext_f=%7B%22sku_id%22%3A%2210000013558669995%22%7D,//ae01.alicdn.com/kf/H7c062848003c46ce9038f1a93b974f63k/10-20-Pcs-Dove-Rest-Stand-Pigeon-Perches-Roost-Frame-Shelf-Bird-Supplies-Grill-Dwelling-Stand.jpeg_220x220xz.jpeg_.webp,US $19.54,Ho-me & Ga-rden & Fur-niture Franchise store Store
birds,35,2021 summer new style 3D printing birds men's and women's casual T-shirt fashion trend young handsome T-shirt top,www.aliexpress.com/item/1005003035624585.html?algo_pvid=aab3a23c-ab0e-4e1e-856b-ac449f3b5e7a&aem_p4p_detail=20210820030756330719246545710005905954&algo_exp_id=aab3a23c-ab0e-4e1e-856b-ac449f3b5e7a-34&pdp_ext_f=%7B%22sku_id%22%3A%2212000023365731200%22%7D,//ae01.alicdn.com/kf/H1317470e871e49198b61ed9ffc67a5b32/2021-summer-new-style-3D-printing-birds-men-s-and-women-s-casual-T-shirt-fashion.jpg_220x220xz.jpg_.webp,US $2.48,454513213 Store
birds,36,Pet Transport Bird Cage For Outdoor Breathable Space Parrot Go Out Backpack Travel Bird Bag With Perch Pet Accessories,www.aliexpress.com/item/1005002631798671.html?algo_pvid=aab3a23c-ab0e-4e1e-856b-ac449f3b5e7a&algo_exp_id=aab3a23c-ab0e-4e1e-856b-ac449f3b5e7a-35&pdp_ext_f=%7B%22sku_id%22%3A%2212000021481410552%22%7D,//ae01.alicdn.com/kf/Hb642eadd7ac141e0838f7ed43a1acd2cU/Pet-Transport-Bird-Cage-For-Outdoor-Breathable-Space-Parrot-Go-Out-Backpack-Travel-Bird-Bag-With.jpg_220x220xz.jpg_.webp,US $21.90,GD-LikeTO Buy Store
birds,37,Bird Nest Box Bird Cage Mount Nesting Box Plastic Parakeet House Breeding Mating Box With Both Inside And Outside,www.aliexpress.com/item/1005002777807911.html?algo_pvid=aab3a23c-ab0e-4e1e-856b-ac449f3b5e7a&algo_exp_id=aab3a23c-ab0e-4e1e-856b-ac449f3b5e7a-36&pdp_ext_f=%7B%22sku_id%22%3A%2212000022141641641%22%7D,//ae01.alicdn.com/kf/Hf1f848b927a84c4db5755692fe6aafeb5/Bird-Nest-Box-Bird-Cage-Mount-Nesting-Box-Plastic-Parakeet-House-Breeding-Mating-Box-With-Both.jpg_220x220xz.jpg_.webp,US $4.11,Party Decor Dropshipping Store
birds,38,Wood Bird House Nest Birds Breeding Box Bird Parrot Breeding Decorative Cages Pet Accessories Home Balcony Decoration,www.aliexpress.com/item/1005001694249340.html?algo_pvid=aab3a23c-ab0e-4e1e-856b-ac449f3b5e7a&algo_exp_id=aab3a23c-ab0e-4e1e-856b-ac449f3b5e7a-37&pdp_ext_f=%7B%22sku_id%22%3A%2212000017171546058%22%7D,//ae01.alicdn.com/kf/H159db00ea3e54cf58c55ca398292a4ab0/Wood-Bird-House-Nest-Birds-Breeding-Box-Bird-Parrot-Breeding-Decorative-Cages-Pet-Accessories-Home-Balcony.jpg_220x220xz.jpg_.webp,US $8.32,Ease-Country Estate Store
birds,39,Wooden Bird Cage Breeding Box Nesting Boxes Hatching Cage for Parakeet Budgies Cocktail Finch Lovebird Parrot Box bird cage,www.aliexpress.com/item/1005002746833663.html?algo_pvid=aab3a23c-ab0e-4e1e-856b-ac449f3b5e7a&algo_exp_id=aab3a23c-ab0e-4e1e-856b-ac449f3b5e7a-38&pdp_ext_f=%7B%22sku_id%22%3A%2212000021947609431%22%7D,//ae01.alicdn.com/kf/He03a9a337a3c4871bc064f79decde706R/Wooden-Bird-Cage-Breeding-Box-Nesting-Boxes-Hatching-Cage-for-Parakeet-Budgies-Cocktail-Finch-Lovebird-Parrot.jpg_220x220xz.jpg_.webp,US $15.58,House Life market Store
birds,40,Modern Handmade Rattan Wicker Wood Bird Nest Chandelier For Living Room Hotel Restaurant Cafe Suspension Lighting Decor,www.aliexpress.com/item/1005001786483849.html?algo_pvid=aab3a23c-ab0e-4e1e-856b-ac449f3b5e7a&aem_p4p_detail=20210820030756330719246545710005905954&algo_exp_id=aab3a23c-ab0e-4e1e-856b-ac449f3b5e7a-39&pdp_ext_f=%7B%22sku_id%22%3A%2212000017571883868%22%7D,//ae01.alicdn.com/kf/Hfa02371bff334f4c9d13334f32fd0575J/Modern-Handmade-Rattan-Wicker-Wood-Bird-Nest-Chandelier-For-Living-Room-Hotel-Restaurant-Cafe-Suspension-Lighting.jpg_220x220xz.jpg_.webp,US $50.82,Light your future Lighting Store
birds,41,10L high quality Water Dispener Pigeon Drinker Water Bird Water Drink RoHS certification pet BIRDS pigeon drinker accessories,www.aliexpress.com/item/32910506211.html?algo_pvid=aab3a23c-ab0e-4e1e-856b-ac449f3b5e7a&algo_exp_id=aab3a23c-ab0e-4e1e-856b-ac449f3b5e7a-40&pdp_ext_f=%7B%22sku_id%22%3A%2265911774535%22%7D,//ae01.alicdn.com/kf/HTB1Nc96Kb9YBuNjy0Fgq6AxcXXae/10L-high-quality-Water-Dispener-Pigeon-Drinker-Water-Bird-Water-Drink-RoHS-certification-pet-BIRDS-pigeon.jpg_220x220xz.jpg_.webp,US $30.25,F pigeons Store
birds,42,Super Portable Pet Bird Cage Parrot Carrier Travel Bag Breathable Lightweight Hamster Squirrel For Small Animals Pet Accessories,www.aliexpress.com/item/1005002968134265.html?algo_pvid=aab3a23c-ab0e-4e1e-856b-ac449f3b5e7a&algo_exp_id=aab3a23c-ab0e-4e1e-856b-ac449f3b5e7a-41&pdp_ext_f=%7B%22sku_id%22%3A%2212000023007255551%22%7D,//ae01.alicdn.com/kf/H82d634edb0b34198a38b59f5bd9b09e1J/Super-Portable-Pet-Bird-Cage-Parrot-Carrier-Travel-Bag-Breathable-Lightweight-Hamster-Squirrel-For-Small-Animals.jpg_220x220xz.jpg_.webp,US $17.41,SOWHAT Store
birds,43,New Bird Nest Box Bird Cage Mount Nesting Box Plastic Parakeet House Breeding Mating Box For Budgie Lovebirds Cockatiel Parrot,www.aliexpress.com/item/1005002927617597.html?algo_pvid=aab3a23c-ab0e-4e1e-856b-ac449f3b5e7a&algo_exp_id=aab3a23c-ab0e-4e1e-856b-ac449f3b5e7a-42&pdp_ext_f=%7B%22sku_id%22%3A%2212000022840183146%22%7D,//ae01.alicdn.com/kf/H89e3f569240d4a8797602465817a8d484/New-Bird-Nest-Box-Bird-Cage-Mount-Nesting-Box-Plastic-Parakeet-House-Breeding-Mating-Box-For.jpg_220x220xz.jpg_.webp,US $4.54,AQS House Store
birds,44,Portable Bird Carrier Cage Bag Breathable Parrot Out Backpack Pet Bird Travel Box Carrier for Large and Small Birds,www.aliexpress.com/item/1005002594520370.html?algo_pvid=aab3a23c-ab0e-4e1e-856b-ac449f3b5e7a&algo_exp_id=aab3a23c-ab0e-4e1e-856b-ac449f3b5e7a-43&pdp_ext_f=%7B%22sku_id%22%3A%2212000021312612392%22%7D,//ae01.alicdn.com/kf/H125bdc161b3c405ab39da7d4a9dca15cE/Portable-Bird-Carrier-Cage-Bag-Breathable-Parrot-Out-Backpack-Pet-Bird-Travel-Box-Carrier-for-Large.jpg_220x220xz.jpg_.webp,US $33.78,Water Sprite
birds,45,10 Pcs Bird Cage Toys For Parrots Reliable & Chewable - Swing Hanging Chewing Bite Bridge Wooden Beads Ball Bell Toys Wholesale,www.aliexpress.com/item/1005003009740658.html?algo_pvid=aab3a23c-ab0e-4e1e-856b-ac449f3b5e7a&aem_p4p_detail=20210820030756330719246545710005905954&algo_exp_id=aab3a23c-ab0e-4e1e-856b-ac449f3b5e7a-44&pdp_ext_f=%7B%22sku_id%22%3A%2212000023212463590%22%7D,//ae01.alicdn.com/kf/Hb8e68e3a710c4dd3b0720705bae7491cU/10-Pcs-Bird-Cage-Toys-For-Parrots-Reliable-Chewable-Swing-Hanging-Chewing-Bite-Bridge-Wooden-Beads.jpg_220x220xz.jpg_.webp,US $15.93,Concise-Home Store
birds,46,2000 Pcs Bird Clip Ring 8mm Plastic Parrot Pigeons 10 Colors Marking Ring Pet Supplies,www.aliexpress.com/item/32921000524.html?algo_pvid=aab3a23c-ab0e-4e1e-856b-ac449f3b5e7a&algo_exp_id=aab3a23c-ab0e-4e1e-856b-ac449f3b5e7a-45&pdp_ext_f=%7B%22sku_id%22%3A%2266126424337%22%7D,//ae01.alicdn.com/kf/HTB1KsVrXcrrK1Rjy1zeq6xalFXas/2000-Pcs-Bird-Clip-Ring-8mm-Plastic-Parrot-Pigeons-10-Colors-Marking-Ring-Pet-Supplies.jpg_220x220xz.jpg_.webp,US $18.68,Animal Mall
birds,47,Nylon Mesh Bird Cage Cover Shell Skirt Net Easy Cleaning Seed Catcher Guard Bird Cage Accessories Airy Mesh Parrot Bird Cage Net,www.aliexpress.com/item/32966255694.html?algo_pvid=aab3a23c-ab0e-4e1e-856b-ac449f3b5e7a&algo_exp_id=aab3a23c-ab0e-4e1e-856b-ac449f3b5e7a-46&pdp_ext_f=%7B%22sku_id%22%3A%2267222534581%22%7D,//ae01.alicdn.com/kf/HTB1it0wayYrK1Rjy0Fdq6ACvVXa1/Nylon-Mesh-Bird-Cage-Cover-Shell-Skirt-Net-Easy-Cleaning-Seed-Catcher-Guard-Bird-Cage-Accessories.jpg_220x220xz.jpg_.webp,US $1.81,Shop4641089 Store
birds,48,Pet Bird Nest House Bird Cage Mount Nesting Box Plastic Parakeet House Breeding Mating For Budgie Love Birds Cockatiel Parrot,www.aliexpress.com/item/1005003069041886.html?algo_pvid=aab3a23c-ab0e-4e1e-856b-ac449f3b5e7a&algo_exp_id=aab3a23c-ab0e-4e1e-856b-ac449f3b5e7a-47&pdp_ext_f=%7B%22sku_id%22%3A%2212000023778714039%22%7D,//ae01.alicdn.com/kf/H10ec13509b9e4a77b62acfc519dffc05s/Pet-Bird-Nest-House-Bird-Cage-Mount-Nesting-Box-Plastic-Parakeet-House-Breeding-Mating-For-Budgie.jpg_220x220xz.jpg_.webp,US $1.62,OK Quality Tools Store
birds,49,Coconut Shell Bird House Tiger Skin Pearl Bird Parrot Nest Nest Warm Anti-bite Bird Nest,www.aliexpress.com/item/1005002672896313.html?algo_pvid=aab3a23c-ab0e-4e1e-856b-ac449f3b5e7a&algo_exp_id=aab3a23c-ab0e-4e1e-856b-ac449f3b5e7a-48&pdp_ext_f=%7B%22sku_id%22%3A%2212000021649719589%22%7D,//ae01.alicdn.com/kf/H5d221c245a1b44838ba25b126be4fa89g/Coconut-Shell-Bird-House-Tiger-Skin-Pearl-Bird-Parrot-Nest-Nest-Warm-Anti-bite-Bird-Nest.jpg_220x220xz.jpg_.webp,US $4.41,TGSFTS666 Store
birds,50,Cat repeller animal ultrasonic movement activate solar energy flash scare birds outdoor garden drive dogs,www.aliexpress.com/item/1005002038431655.html?algo_pvid=aab3a23c-ab0e-4e1e-856b-ac449f3b5e7a&aem_p4p_detail=20210820030756330719246545710005905954&algo_exp_id=aab3a23c-ab0e-4e1e-856b-ac449f3b5e7a-49&pdp_ext_f=%7B%22sku_id%22%3A%2212000018505091547%22%7D,//ae01.alicdn.com/kf/H2838f16287f54dd58ef1dfce246e01f3u/Cat-repeller-animal-ultrasonic-movement-activate-solar-energy-flash-scare-birds-outdoor-garden-drive-dogs.jpg_220x220xz.jpg_.webp,US $27.05,SAIJZEK Official Store
birds,51,"Bird Harness And Leash For Macaw Cockatoos, Adjustable Bird Leash For Parrots Suitable For Scarlet Macaw Sun Conure Cockatie",www.aliexpress.com/item/4001176137119.html?algo_pvid=aab3a23c-ab0e-4e1e-856b-ac449f3b5e7a&algo_exp_id=aab3a23c-ab0e-4e1e-856b-ac449f3b5e7a-50&pdp_ext_f=%7B%22sku_id%22%3A%2210000015045222858%22%7D,//ae01.alicdn.com/kf/Hc539595d43c4496db6187a67dfa0e709R/Bird-Harness-And-Leash-For-Macaw-Cockatoos-Adjustable-Bird-Leash-For-Parrots-Suitable-For-Scarlet-Macaw.jpg_220x220xz.jpg_.webp,US $11.34,HYXFly House Store
birds,52,Parrot Bird Harness Leash Outdoor Flying Traction Straps Band Adjustable Anti-Bite Training Rope,www.aliexpress.com/item/1005001901983119.html?algo_pvid=aab3a23c-ab0e-4e1e-856b-ac449f3b5e7a&algo_exp_id=aab3a23c-ab0e-4e1e-856b-ac449f3b5e7a-51&pdp_ext_f=%7B%22sku_id%22%3A%2212000018065607827%22%7D,//ae01.alicdn.com/kf/Hb8e8da24c9874fda90f22c442c79cc54f/Parrot-Bird-Harness-Leash-Outdoor-Flying-Traction-Straps-Band-Adjustable-Anti-Bite-Training-Rope.jpg_220x220xz.jpg_.webp,US $2.28,XingXing's Store
birds,53,120Pcs 6 Colors Birds Aluminium Foot Ring 7.5mm Pigeons Parrot Birds Outdoor Flying Training Identification Race Foot Rings,www.aliexpress.com/item/4000348217786.html?algo_pvid=aab3a23c-ab0e-4e1e-856b-ac449f3b5e7a&algo_exp_id=aab3a23c-ab0e-4e1e-856b-ac449f3b5e7a-52&pdp_ext_f=%7B%22sku_id%22%3A%2210000001438887623%22%7D,//ae01.alicdn.com/kf/Hd959c2b9fc584722a5efe9a9938a3b62p/120Pcs-6-Colors-Birds-Aluminium-Foot-Ring-7-5mm-Pigeons-Parrot-Birds-Outdoor-Flying-Training-Identification.jpg_220x220xz.jpg_.webp,US $13.03,Adhere To Fly HappyFarm Store
birds,54,Wooden Bird House Breeding Cage Fence Box Nest Garden Backyard Home Decoration,www.aliexpress.com/item/1005002589321077.html?algo_pvid=aab3a23c-ab0e-4e1e-856b-ac449f3b5e7a&algo_exp_id=aab3a23c-ab0e-4e1e-856b-ac449f3b5e7a-53&pdp_ext_f=%7B%22sku_id%22%3A%2212000021288777708%22%7D,//ae01.alicdn.com/kf/H848b3721b245410ebffd0574bfeb774fi/Wooden-Bird-House-Breeding-Cage-Fence-Box-Nest-Garden-Backyard-Home-Decoration.jpg_220x220xz.jpg_.webp,US $6.40,PIKA House Furnishing Store
birds,55,Motion Activated Ultrasonic Animal Deterrent Solar Rechargeable Rat Squirrel Defender Electronic Raccoon Birds Garden Repellent,www.aliexpress.com/item/1005002752747179.html?algo_pvid=aab3a23c-ab0e-4e1e-856b-ac449f3b5e7a&aem_p4p_detail=20210820030756330719246545710005905954&algo_exp_id=aab3a23c-ab0e-4e1e-856b-ac449f3b5e7a-54&pdp_ext_f=%7B%22sku_id%22%3A%2212000021969200830%22%7D,//ae01.alicdn.com/kf/H5bd8f78c8777451c8bcf4a66e3c30265W/Motion-Activated-Ultrasonic-Animal-Deterrent-Solar-Rechargeable-Rat-Squirrel-Defender-Electronic-Raccoon-Birds-Garden-Repellent.jpg_220x220xz.jpg_.webp,US $27.10,SAIJZEK Official Store
birds,56,3M Ultra-light Parrot Bird Macaw Cockatiel Harness Leash Anti-bite Outdoor Flying Training Rope Pet Accessories Supplies Tools,www.aliexpress.com/item/1005002631730724.html?algo_pvid=aab3a23c-ab0e-4e1e-856b-ac449f3b5e7a&algo_exp_id=aab3a23c-ab0e-4e1e-856b-ac449f3b5e7a-55&pdp_ext_f=%7B%22sku_id%22%3A%2212000021481315189%22%7D,//ae01.alicdn.com/kf/H11739d6e782b459d9053d7a7da72449eg/3M-Ultra-light-Parrot-Bird-Macaw-Cockatiel-Harness-Leash-Anti-bite-Outdoor-Flying-Training-Rope-Pet.jpg_220x220xz.jpg_.webp,US $3.08,Kitchen dedicated Store
birds,57,Lightweight Bird Carrier Cage Transparent Clear PVC Breathable Parrots Travel Bag Hot Bird Cages & Nests,www.aliexpress.com/item/1005002826247032.html?algo_pvid=aab3a23c-ab0e-4e1e-856b-ac449f3b5e7a&algo_exp_id=aab3a23c-ab0e-4e1e-856b-ac449f3b5e7a-56&pdp_ext_f=%7B%22sku_id%22%3A%2212000022360602236%22%7D,//ae01.alicdn.com/kf/H790842f8d61c488d99881180aa81d173C/Lightweight-Bird-Carrier-Cage-Transparent-Clear-PVC-Breathable-Parrots-Travel-Bag-Hot-Bird-Cages-Nests.jpg_220x220xz.jpg_.webp,US $27.33,kitchen Dropship gadget Store
birds,58,Hanging Bird Nest Bird Breeding Nesting Box Bird House Hanging Parrot Nest Houses Pet Bedroom for Parrots Budgies Parakeets,www.aliexpress.com/item/1005002872837108.html?algo_pvid=aab3a23c-ab0e-4e1e-856b-ac449f3b5e7a&algo_exp_id=aab3a23c-ab0e-4e1e-856b-ac449f3b5e7a-57&pdp_ext_f=%7B%22sku_id%22%3A%2212000022568104813%22%7D,//ae01.alicdn.com/kf/Hc5dc900181e842b2ba51029f6bcea1a4o/Hanging-Bird-Nest-Bird-Breeding-Nesting-Box-Bird-House-Hanging-Parrot-Nest-Houses-Pet-Bedroom-for.jpg_220x220xz.jpg_.webp,US $7.02,HOMEKITCHENtool Store
birds,59,5/10Pcs Chicken Quail Hanging Water Cups Nipple Drinking Bowl Birds Water Bowl Drinker Cups For Backyard Automatic Poultry,www.aliexpress.com/item/1005002588266548.html?algo_pvid=aab3a23c-ab0e-4e1e-856b-ac449f3b5e7a&algo_exp_id=aab3a23c-ab0e-4e1e-856b-ac449f3b5e7a-58&pdp_ext_f=%7B%22sku_id%22%3A%2212000021282421142%22%7D,//ae01.alicdn.com/kf/Hfdcafc3c6a7b4495a115effc9d04b154h/5-10Pcs-Chicken-Quail-Hanging-Water-Cups-Nipple-Drinking-Bowl-Birds-Water-Bowl-Drinker-Cups-For.jpg_220x220xz.jpg_.webp,US $3.57,You are OK Store
birds,60,ParNarZar DIY 5D Diamond Painting Full Round Drill Kits Rhinestone Picture Art Craft Home Wall Decor Elephant & Colorful Bird,www.aliexpress.com/item/33054872713.html?algo_pvid=aab3a23c-ab0e-4e1e-856b-ac449f3b5e7a&aem_p4p_detail=20210820030756330719246545710005905954&algo_exp_id=aab3a23c-ab0e-4e1e-856b-ac449f3b5e7a-59&pdp_ext_f=%7B%22sku_id%22%3A%2267499358618%22%7D,//ae01.alicdn.com/kf/HTB1DZZFXXY7gK0jSZKzq6yikpXaW/ParNarZar-DIY-5D-Diamond-Painting-Full-Round-Drill-Kits-Rhinestone-Picture-Art-Craft-Home-Wall-Decor.jpg_220x220xz.jpg_.webp,US $6.21,ParNarZar Store
